id,play_by_play_id,previous_play_by_play_id,nhl_game_id,nhl_event_id,season_id,game_date,fact_version,event_type,attempt_result,is_shot_attempt,is_unblocked_attempt,is_shot_on_goal,is_goal,team_id,opponent_team_id,shooter_player_id,goalie_player_id,blocking_player_id,period,period_type,period_bucket,seconds_in_game,seconds_since_last_event,time_bucket,situation_code,strength,strength_bucket,home_score,away_score,score_differential,score_state_bucket,x_coord,y_coord,shot_distance,shot_angle,abs_shot_angle,distance_bucket,angle_bucket,zone_code,zone_bucket,shot_type,shot_type_bucket,is_rebound,rebound_window_seconds,rebound_bucket,is_rush,rush_bucket,is_empty_net,net_state_bucket,previous_event_type,previous_event_team_id,previous_event_seconds_delta,facts_payload,created_at,updated_at,is_rush_attempt,is_rush_sequence,rush_sequence_origin_play_by_play_id
1,1173790,1173789,2025030415,67,20252026,2026-06-11,shot_attempt_facts_v1,blocked-shot,blocked_shot,true,false,false,false,54,12,8476448,,8480336,1,REG,p1,74,,early_period,1551,EV,ev,0,0,0,tied,75,30,33.11,-64.983,64.983,d_030_035,a_060_070,D,defensive,,unknown,false,3,not_rebound,,unknown,false,goalie_in_net,giveaway,12,18,"{""previous_team_shot_play_by_play_id"":null,""previous_team_shot_seconds_delta"":null,""source"":""shot_attempt_facts_v1""}",2026-07-27 15:03:04,2026-07-27 15:03:23,,,
2,1173794,1173793,2025030415,151,20252026,2026-06-11,shot_attempt_facts_v1,blocked-shot,blocked_shot,true,false,false,false,54,12,8478468,,8476921,1,REG,p1,78,,early_period,1551,EV,ev,0,0,0,tied,51,38,53.74,-45.000,45.000,d_050_055,a_040_050,D,defensive,,unknown,false,3,not_rebound,,unknown,false,goalie_in_net,giveaway,54,0,"{""previous_team_shot_play_by_play_id"":1173790,""previous_team_shot_seconds_delta"":4,""source"":""shot_attempt_facts_v1""}",2026-07-27 15:03:04,2026-07-27 15:03:23,,,
3,1173804,1173803,2025030415,101,20252026,2026-06-11,shot_attempt_facts_v1,missed-shot,missed_shot,true,true,false,false,12,54,8482702,8479394,,1,REG,p1,221,,early_period,1551,EV,ev,0,0,0,tied,-87,26,26.08,-94.399,94.399,d_025_030,a_090_plus,O,offensive,snap,snap,false,3,not_rebound,,unknown,false,goalie_in_net,hit,12,7,"{""previous_team_shot_play_by_play_id"":null,""previous_team_shot_seconds_delta"":null,""source"":""shot_attempt_facts_v1""}",2026-07-27 15:03:04,2026-07-27 15:03:23,,,
4,1173805,1173804,2025030415,102,20252026,2026-06-11,shot_attempt_facts_v1,shot-on-goal,saved_shot,true,true,true,false,12,54,8475791,8479394,,1,REG,p1,225,,early_period,1551,EV,ev,0,0,0,tied,-67,28,35.61,-128.157,128.157,d_035_040,a_090_plus,O,offensive,snap,snap,false,3,not_rebound,,unknown,false,goalie_in_net,missed-shot,12,4,"{""previous_team_shot_play_by_play_id"":1173804,""previous_team_shot_seconds_delta"":4,""source"":""shot_attempt_facts_v1""}",2026-07-27 15:03:04,2026-07-27 15:03:23,,,
5,1173808,1173807,2025030415,111,20252026,2026-06-11,shot_attempt_facts_v1,shot-on-goal,saved_shot,true,true,true,false,12,54,8478970,8479394,,1,REG,p1,275,,early_period,1551,EV,ev,0,0,0,tied,-55,21,39.96,-148.299,148.299,d_035_040,a_090_plus,O,offensive,slap,slap,false,3,not_rebound,,unknown,false,goalie_in_net,hit,54,8,"{""previous_team_shot_play_by_play_id"":1173805,""previous_team_shot_seconds_delta"":50,""source"":""shot_attempt_facts_v1""}",2026-07-27 15:03:04,2026-07-27 15:03:23,,,
6,1173818,1173817,2025030415,202,20252026,2026-06-11,shot_attempt_facts_v1,goal,goal,true,true,true,true,54,12,8481604,8483548,,1,REG,p1,412,,middle_period,1541,PP,pp,0,1,1,leading_by_1,81,9,12.04,-48.366,48.366,d_010_015,a_040_050,O,offensive,snap,snap,false,3,not_rebound,,unknown,false,goalie_in_net,faceoff,12,28,"{""previous_team_shot_play_by_play_id"":1173794,""previous_team_shot_seconds_delta"":334,""source"":""shot_attempt_facts_v1""}",2026-07-27 15:03:04,2026-07-27 15:03:23,,,
7,1173823,1173822,2025030415,223,20252026,2026-06-11,shot_attempt_facts_v1,shot-on-goal,saved_shot,true,true,true,false,54,12,8478483,8483548,,1,REG,p1,484,,middle_period,1551,EV,ev,0,0,0,tied,56,16,36.67,-25.866,25.866,d_035_040,a_020_030,O,offensive,snap,snap,false,3,not_rebound,,unknown,false,goalie_in_net,faceoff,12,9,"{""previous_team_shot_play_by_play_id"":1173818,""previous_team_shot_seconds_delta"":72,""source"":""shot_attempt_facts_v1""}",2026-07-27 15:03:04,2026-07-27 15:03:23,,,
8,1173824,1173823,2025030415,301,20252026,2026-06-11,shot_attempt_facts_v1,shot-on-goal,saved_shot,true,true,true,false,54,12,8475913,8483548,,1,REG,p1,486,,middle_period,1551,EV,ev,0,0,0,tied,82,7,9.90,-45.000,45.000,d_005_010,a_040_050,O,offensive,snap,snap,true,3,rebound,,unknown,false,goalie_in_net,shot-on-goal,54,2,"{""previous_team_shot_play_by_play_id"":1173823,""previous_team_shot_seconds_delta"":2,""source"":""shot_attempt_facts_v1""}",2026-07-27 15:03:04,2026-07-27 15:03:23,,,
9,1173825,1173824,2025030415,351,20252026,2026-06-11,shot_attempt_facts_v1,blocked-shot,blocked_shot,true,false,false,false,12,54,8480830,,8478483,1,REG,p1,501,,middle_period,1551,EV,ev,0,0,0,tied,-84,-35,35.36,98.130,98.130,d_035_040,a_090_plus,D,defensive,,unknown,false,3,not_rebound,,unknown,false,goalie_in_net,shot-on-goal,54,15,"{""previous_team_shot_play_by_play_id"":1173808,""previous_team_shot_seconds_delta"":226,""source"":""shot_attempt_facts_v1""}",2026-07-27 15:03:04,2026-07-27 15:03:23,,,
10,1173830,1173829,2025030415,234,20252026,2026-06-11,shot_attempt_facts_v1,missed-shot,missed_shot,true,true,false,false,54,12,8481604,8483548,,1,REG,p1,536,,middle_period,1551,EV,ev,0,0,0,tied,52,32,48.92,-40.855,40.855,d_045_050,a_040_050,O,offensive,wrist,wrist,false,3,not_rebound,,unknown,false,goalie_in_net,giveaway,12,9,"{""previous_team_shot_play_by_play_id"":1173824,""previous_team_shot_seconds_delta"":50,""source"":""shot_attempt_facts_v1""}",2026-07-27 15:03:04,2026-07-27 15:03:23,,,
11,1173831,1173830,2025030415,235,20252026,2026-06-11,shot_attempt_facts_v1,missed-shot,missed_shot,true,true,false,false,54,12,8478397,8483548,,1,REG,p1,546,,middle_period,1551,EV,ev,0,0,0,tied,30,-18,61.68,16.966,16.966,d_060_plus,a_010_020,O,offensive,snap,snap,false,3,not_rebound,,unknown,false,goalie_in_net,missed-shot,54,10,"{""previous_team_shot_play_by_play_id"":1173830,""previous_team_shot_seconds_delta"":10,""source"":""shot_attempt_facts_v1""}",2026-07-27 15:03:04,2026-07-27 15:03:23,,,
12,1173832,1173831,2025030415,236,20252026,2026-06-11,shot_attempt_facts_v1,blocked-shot,blocked_shot,true,false,false,false,54,12,8478396,,8476925,1,REG,p1,552,,middle_period,1551,EV,ev,0,0,0,tied,78,-7,13.04,32.471,32.471,d_010_015,a_030_040,O,offensive,,unknown,false,3,not_rebound,,unknown,false,goalie_in_net,missed-shot,54,6,"{""previous_team_shot_play_by_play_id"":1173831,""previous_team_shot_seconds_delta"":6,""source"":""shot_attempt_facts_v1""}",2026-07-27 15:03:04,2026-07-27 15:03:23,,,
13,1173833,1173832,2025030415,237,20252026,2026-06-11,shot_attempt_facts_v1,blocked-shot,blocked_shot,true,false,false,false,54,12,8476881,,8476958,1,REG,p1,562,,middle_period,1551,EV,ev,0,0,0,tied,47,20,46.52,-25.463,25.463,d_045_050,a_020_030,D,defensive,,unknown,false,3,not_rebound,,unknown,false,goalie_in_net,blocked-shot,54,10,"{""previous_team_shot_play_by_play_id"":1173832,""previous_team_shot_seconds_delta"":10,""source"":""shot_attempt_facts_v1""}",2026-07-27 15:03:04,2026-07-27 15:03:23,,,
14,1173834,1173833,2025030415,352,20252026,2026-06-11,shot_attempt_facts_v1,missed-shot,missed_shot,true,true,false,false,12,54,8477940,8479394,,1,REG,p1,580,,middle_period,1551,EV,ev,0,0,0,tied,-76,26,29.07,-116.565,116.565,d_025_030,a_090_plus,O,offensive,wrist,wrist,false,3,not_rebound,,unknown,false,goalie_in_net,blocked-shot,54,18,"{""previous_team_shot_play_by_play_id"":1173825,""previous_team_shot_seconds_delta"":79,""source"":""shot_attempt_facts_v1""}",2026-07-27 15:03:04,2026-07-27 15:03:23,,,
15,1173836,1173835,2025030415,251,20252026,2026-06-11,shot_attempt_facts_v1,shot-on-goal,saved_shot,true,true,true,false,54,12,8477964,8483548,,1,REG,p1,598,,middle_period,1551,EV,ev,0,0,0,tied,62,-8,28.16,16.504,16.504,d_025_030,a_010_020,O,offensive,snap,snap,false,3,not_rebound,,unknown,false,goalie_in_net,takeaway,54,12,"{""previous_team_shot_play_by_play_id"":1173833,""previous_team_shot_seconds_delta"":36,""source"":""shot_attempt_facts_v1""}",2026-07-27 15:03:04,2026-07-27 15:03:23,,,
16,1173837,1173836,2025030415,152,20252026,2026-06-11,shot_attempt_facts_v1,missed-shot,missed_shot,true,true,false,false,54,12,8479353,8483548,,1,REG,p1,598,,middle_period,1551,EV,ev,0,0,0,tied,75,-9,16.64,32.735,32.735,d_015_020,a_030_040,O,offensive,bat,other,true,3,rebound,,unknown,false,goalie_in_net,shot-on-goal,54,0,"{""previous_team_shot_play_by_play_id"":1173836,""previous_team_shot_seconds_delta"":0,""source"":""shot_attempt_facts_v1""}",2026-07-27 15:03:04,2026-07-27 15:03:23,,,
17,1173843,1173842,2025030415,272,20252026,2026-06-11,shot_attempt_facts_v1,missed-shot,missed_shot,true,true,false,false,54,12,8475913,8483548,,1,REG,p1,670,,middle_period,1551,EV,ev,0,0,0,tied,69,4,20.40,-11.310,11.310,d_020_025,a_010_020,O,offensive,backhand,backhand,false,3,not_rebound,,unknown,false,goalie_in_net,faceoff,12,14,"{""previous_team_shot_play_by_play_id"":1173837,""previous_team_shot_seconds_delta"":72,""source"":""shot_attempt_facts_v1""}",2026-07-27 15:03:04,2026-07-27 15:03:23,,,
18,1173847,1173846,2025030415,280,20252026,2026-06-11,shot_attempt_facts_v1,goal,goal,true,true,true,true,12,54,8473533,8479394,,1,REG,p1,706,,middle_period,1551,EV,ev,1,1,0,tied,-77,0,12.00,180.000,180.000,d_010_015,a_090_plus,O,offensive,tip-in,tip,false,3,not_rebound,,unknown,false,goalie_in_net,hit,12,5,"{""previous_team_shot_play_by_play_id"":1173834,""previous_team_shot_seconds_delta"":126,""source"":""shot_attempt_facts_v1""}",2026-07-27 15:03:04,2026-07-27 15:03:23,,,
19,1173850,1173849,2025030415,286,20252026,2026-06-11,shot_attempt_facts_v1,blocked-shot,blocked_shot,true,false,false,false,12,54,8480830,,8478397,1,REG,p1,728,,middle_period,1551,EV,ev,0,0,0,tied,-61,2,28.07,-175.914,175.914,d_025_030,a_090_plus,D,defensive,,unknown,false,3,not_rebound,,unknown,false,goalie_in_net,hit,12,12,"{""previous_team_shot_play_by_play_id"":1173847,""previous_team_shot_seconds_delta"":22,""source"":""shot_attempt_facts_v1""}",2026-07-27 15:03:04,2026-07-27 15:03:23,,,
20,1173854,1173853,2025030415,299,20252026,2026-06-11,shot_attempt_facts_v1,blocked-shot,blocked_shot,true,false,false,false,12,54,8480762,,8475188,1,REG,p1,767,,middle_period,1551,EV,ev,0,0,0,tied,-71,22,28.43,-129.289,129.289,d_025_030,a_090_plus,D,defensive,,unknown,false,3,not_rebound,,unknown,false,goalie_in_net,faceoff,54,15,"{""previous_team_shot_play_by_play_id"":1173850,""previous_team_shot_seconds_delta"":39,""source"":""shot_attempt_facts_v1""}",2026-07-27 15:03:04,2026-07-27 15:03:23,,,
21,1173855,1173854,2025030415,353,20252026,2026-06-11,shot_attempt_facts_v1,shot-on-goal,saved_shot,true,true,true,false,12,54,8480762,8479394,,1,REG,p1,778,,middle_period,1551,EV,ev,0,0,0,tied,-48,32,52.01,-142.028,142.028,d_050_055,a_090_plus,O,offensive,slap,slap,false,3,not_rebound,,unknown,false,goalie_in_net,blocked-shot,12,11,"{""previous_team_shot_play_by_play_id"":1173854,""previous_team_shot_seconds_delta"":11,""source"":""shot_attempt_facts_v1""}",2026-07-27 15:03:04,2026-07-27 15:03:23,,,
22,1173856,1173855,2025030415,401,20252026,2026-06-11,shot_attempt_facts_v1,missed-shot,missed_shot,true,true,false,false,12,54,8476906,8479394,,1,REG,p1,780,,middle_period,1551,EV,ev,0,0,0,tied,-58,-39,49.82,128.480,128.480,d_045_050,a_090_plus,O,offensive,snap,snap,true,3,rebound,,unknown,false,goalie_in_net,shot-on-goal,12,2,"{""previous_team_shot_play_by_play_id"":1173855,""previous_team_shot_seconds_delta"":2,""source"":""shot_attempt_facts_v1""}",2026-07-27 15:03:04,2026-07-27 15:03:23,,,
23,1173859,1173858,2025030415,411,20252026,2026-06-11,shot_attempt_facts_v1,missed-shot,missed_shot,true,true,false,false,12,54,8475791,8479394,,1,REG,p1,806,,late_period,1551,EV,ev,0,0,0,tied,-54,-38,51.66,132.647,132.647,d_050_055,a_090_plus,O,offensive,snap,snap,false,3,not_rebound,,unknown,false,goalie_in_net,giveaway,12,17,"{""previous_team_shot_play_by_play_id"":1173856,""previous_team_shot_seconds_delta"":26,""source"":""shot_attempt_facts_v1""}",2026-07-27 15:03:04,2026-07-27 15:03:23,,,
24,1173860,1173859,2025030415,412,20252026,2026-06-11,shot_attempt_facts_v1,blocked-shot,blocked_shot,true,false,false,false,54,12,8478483,,8475913,1,REG,p1,820,,late_period,1551,EV,ev,0,0,0,tied,77,-2,12.17,9.462,9.462,d_010_015,a_000_010,O,offensive,,unknown,false,3,not_rebound,,unknown,false,goalie_in_net,missed-shot,12,14,"{""previous_team_shot_play_by_play_id"":1173843,""previous_team_shot_seconds_delta"":150,""source"":""shot_attempt_facts_v1""}",2026-07-27 15:03:04,2026-07-27 15:03:23,,,
25,1173861,1173860,2025030415,413,20252026,2026-06-11,shot_attempt_facts_v1,blocked-shot,blocked_shot,true,false,false,false,54,12,8478396,,8475791,1,REG,p1,823,,late_period,1551,EV,ev,0,0,0,tied,57,-5,32.39,8.881,8.881,d_030_035,a_000_010,D,defensive,,unknown,true,3,rebound,,unknown,false,goalie_in_net,blocked-shot,54,3,"{""previous_team_shot_play_by_play_id"":1173860,""previous_team_shot_seconds_delta"":3,""source"":""shot_attempt_facts_v1""}",2026-07-27 15:03:04,2026-07-27 15:03:23,,,
26,1173862,1173861,2025030415,420,20252026,2026-06-11,shot_attempt_facts_v1,shot-on-goal,saved_shot,true,true,true,false,54,12,8481604,8483548,,1,REG,p1,842,,late_period,1551,EV,ev,0,0,0,tied,69,-5,20.62,14.036,14.036,d_020_025,a_010_020,O,offensive,backhand,backhand,false,3,not_rebound,,unknown,false,goalie_in_net,blocked-shot,54,19,"{""previous_team_shot_play_by_play_id"":1173861,""previous_team_shot_seconds_delta"":19,""source"":""shot_attempt_facts_v1""}",2026-07-27 15:03:04,2026-07-27 15:03:23,,,
27,1173864,1173863,2025030415,422,20252026,2026-06-11,shot_attempt_facts_v1,missed-shot,missed_shot,true,true,false,false,54,12,8478468,8483548,,1,REG,p1,855,,late_period,1551,EV,ev,0,0,0,tied,53,36,50.91,-45.000,45.000,d_050_055,a_040_050,O,offensive,snap,snap,false,3,not_rebound,,unknown,false,goalie_in_net,giveaway,12,1,"{""previous_team_shot_play_by_play_id"":1173862,""previous_team_shot_seconds_delta"":13,""source"":""shot_attempt_facts_v1""}",2026-07-27 15:03:04,2026-07-27 15:03:23,,,
28,1173865,1173864,2025030415,423,20252026,2026-06-11,shot_attempt_facts_v1,shot-on-goal,saved_shot,true,true,true,false,54,12,8479639,8483548,,1,REG,p1,862,,late_period,1551,EV,ev,0,0,0,tied,40,-37,61.40,37.057,37.057,d_060_plus,a_030_040,O,offensive,snap,snap,false,3,not_rebound,,unknown,false,goalie_in_net,missed-shot,54,7,"{""previous_team_shot_play_by_play_id"":1173864,""previous_team_shot_seconds_delta"":7,""source"":""shot_attempt_facts_v1""}",2026-07-27 15:03:04,2026-07-27 15:03:23,,,
29,1173875,1173874,2025030415,449,20252026,2026-06-11,shot_attempt_facts_v1,missed-shot,missed_shot,true,true,false,false,12,54,8478970,8479394,,1,REG,p1,955,,late_period,1551,EV,ev,0,0,0,tied,-29,20,63.25,-161.565,161.565,d_060_plus,a_090_plus,O,offensive,slap,slap,false,3,not_rebound,,unknown,false,goalie_in_net,hit,12,21,"{""previous_team_shot_play_by_play_id"":1173859,""previous_team_shot_seconds_delta"":149,""source"":""shot_attempt_facts_v1""}",2026-07-27 15:03:04,2026-07-27 15:03:23,,,
30,1173878,1173877,2025030415,470,20252026,2026-06-11,shot_attempt_facts_v1,shot-on-goal,saved_shot,true,true,true,false,54,12,8476448,8483548,,1,REG,p1,1028,,late_period,1551,EV,ev,0,0,0,tied,44,15,47.43,-18.435,18.435,d_045_050,a_010_020,O,offensive,snap,snap,false,3,not_rebound,,unknown,false,goalie_in_net,hit,54,27,"{""previous_team_shot_play_by_play_id"":1173865,""previous_team_shot_seconds_delta"":166,""source"":""shot_attempt_facts_v1""}",2026-07-27 15:03:04,2026-07-27 15:03:23,,,
31,1173879,1173878,2025030415,475,20252026,2026-06-11,shot_attempt_facts_v1,shot-on-goal,saved_shot,true,true,true,false,12,54,8475791,8479394,,1,REG,p1,1053,,late_period,1551,EV,ev,0,0,0,tied,-21,-20,70.88,163.610,163.610,d_060_plus,a_090_plus,N,neutral,snap,snap,false,3,not_rebound,,unknown,false,goalie_in_net,shot-on-goal,54,25,"{""previous_team_shot_play_by_play_id"":1173875,""previous_team_shot_seconds_delta"":98,""source"":""shot_attempt_facts_v1""}",2026-07-27 15:03:04,2026-07-27 15:03:23,,,
32,1173880,1173879,2025030415,483,20252026,2026-06-11,shot_attempt_facts_v1,blocked-shot,blocked_shot,true,false,false,false,54,12,8482062,,8476873,1,REG,p1,1067,,late_period,1551,EV,ev,0,0,0,tied,73,26,30.53,-58.392,58.392,d_030_035,a_050_060,D,defensive,,unknown,false,3,not_rebound,,unknown,false,goalie_in_net,shot-on-goal,12,14,"{""previous_team_shot_play_by_play_id"":1173878,""previous_team_shot_seconds_delta"":39,""source"":""shot_attempt_facts_v1""}",2026-07-27 15:03:04,2026-07-27 15:03:23,,,
33,1173884,1173883,2025030415,497,20252026,2026-06-11,shot_attempt_facts_v1,missed-shot,missed_shot,true,true,false,false,54,12,8478403,8483548,,1,REG,p1,1132,,late_period,1551,EV,ev,0,0,0,tied,52,-6,37.48,9.211,9.211,d_035_040,a_000_010,O,offensive,wrist,wrist,false,3,not_rebound,,unknown,false,goalie_in_net,giveaway,12,38,"{""previous_team_shot_play_by_play_id"":1173880,""previous_team_shot_seconds_delta"":65,""source"":""shot_attempt_facts_v1""}",2026-07-27 15:03:04,2026-07-27 15:03:23,,,
34,1173895,1173894,2025030415,524,20252026,2026-06-11,shot_attempt_facts_v1,missed-shot,missed_shot,true,true,false,false,12,54,8476921,8479394,,1,REG,p1,1198,,late_period,1541,PK,pk,0,0,0,tied,0,34,95.27,-159.092,159.092,d_060_plus,a_090_plus,N,neutral,snap,snap,false,3,not_rebound,,unknown,false,goalie_in_net,faceoff,54,4,"{""previous_team_shot_play_by_play_id"":1173879,""previous_team_shot_seconds_delta"":145,""source"":""shot_attempt_facts_v1""}",2026-07-27 15:03:04,2026-07-27 15:03:23,,,
35,1173900,1173899,2025030415,538,20252026,2026-06-11,shot_attempt_facts_v1,blocked-shot,blocked_shot,true,false,false,false,54,12,8478483,,8478970,2,REG,p2,1245,,early_period,1541,PP,pp,0,0,0,tied,-78,0,11.00,180.000,180.000,d_010_015,a_090_plus,D,defensive,,unknown,false,3,not_rebound,,unknown,false,goalie_in_net,giveaway,54,25,"{""previous_team_shot_play_by_play_id"":1173884,""previous_team_shot_seconds_delta"":113,""source"":""shot_attempt_facts_v1""}",2026-07-27 15:03:04,2026-07-27 15:03:23,,,
36,1173901,1173900,2025030415,542,20252026,2026-06-11,shot_attempt_facts_v1,shot-on-goal,saved_shot,true,true,true,false,54,12,8478403,8483548,,2,REG,p2,1270,,early_period,1541,PP,pp,0,0,0,tied,-81,-19,20.62,112.834,112.834,d_020_025,a_090_plus,O,offensive,snap,snap,false,3,not_rebound,,unknown,false,goalie_in_net,blocked-shot,54,25,"{""previous_team_shot_play_by_play_id"":1173900,""previous_team_shot_seconds_delta"":25,""source"":""shot_attempt_facts_v1""}",2026-07-27 15:03:04,2026-07-27 15:03:23,,,
37,1173903,1173902,2025030415,543,20252026,2026-06-11,shot_attempt_facts_v1,missed-shot,missed_shot,true,true,false,false,54,12,8478403,8483548,,2,REG,p2,1278,,early_period,1541,PP,pp,0,0,0,tied,-79,-26,27.86,111.038,111.038,d_025_030,a_090_plus,O,offensive,snap,snap,false,3,not_rebound,,unknown,false,goalie_in_net,giveaway,12,4,"{""previous_team_shot_play_by_play_id"":1173901,""previous_team_shot_seconds_delta"":8,""source"":""shot_attempt_facts_v1""}",2026-07-27 15:03:04,2026-07-27 15:03:23,,,
38,1173904,1173903,2025030415,544,20252026,2026-06-11,shot_attempt_facts_v1,shot-on-goal,saved_shot,true,true,true,false,54,12,8476881,8483548,,2,REG,p2,1304,,early_period,1541,PP,pp,0,0,0,tied,-73,-6,17.09,159.444,159.444,d_015_020,a_090_plus,O,offensive,backhand,backhand,false,3,not_rebound,,unknown,false,goalie_in_net,missed-shot,54,26,"{""previous_team_shot_play_by_play_id"":1173903,""previous_team_shot_seconds_delta"":26,""source"":""shot_attempt_facts_v1""}",2026-07-27 15:03:04,2026-07-27 15:03:23,,,
39,1173905,1173904,2025030415,546,20252026,2026-06-11,shot_attempt_facts_v1,missed-shot,missed_shot,true,true,false,false,54,12,8481604,8483548,,2,REG,p2,1311,,early_period,1541,PP,pp,0,0,0,tied,-72,19,25.50,-131.820,131.820,d_025_030,a_090_plus,O,offensive,snap,snap,false,3,not_rebound,,unknown,false,goalie_in_net,shot-on-goal,54,7,"{""previous_team_shot_play_by_play_id"":1173904,""previous_team_shot_seconds_delta"":7,""source"":""shot_attempt_facts_v1""}",2026-07-27 15:03:04,2026-07-27 15:03:23,,,
40,1173906,1173905,2025030415,548,20252026,2026-06-11,shot_attempt_facts_v1,blocked-shot,blocked_shot,true,false,false,false,54,12,8478403,,8482093,2,REG,p2,1316,,early_period,1551,EV,ev,0,0,0,tied,-49,-6,40.45,171.469,171.469,d_040_045,a_090_plus,D,defensive,,unknown,false,3,not_rebound,,unknown,false,goalie_in_net,missed-shot,54,5,"{""previous_team_shot_play_by_play_id"":1173905,""previous_team_shot_seconds_delta"":5,""source"":""shot_attempt_facts_v1""}",2026-07-27 15:03:04,2026-07-27 15:03:23,,,
41,1173907,1173906,2025030415,153,20252026,2026-06-11,shot_attempt_facts_v1,missed-shot,missed_shot,true,true,false,false,54,12,8475913,8483548,,2,REG,p2,1325,,early_period,1551,EV,ev,0,0,0,tied,-84,-7,8.60,125.538,125.538,d_005_010,a_090_plus,O,offensive,snap,snap,false,3,not_rebound,,unknown,false,goalie_in_net,blocked-shot,54,9,"{""previous_team_shot_play_by_play_id"":1173906,""previous_team_shot_seconds_delta"":9,""source"":""shot_attempt_facts_v1""}",2026-07-27 15:03:04,2026-07-27 15:03:23,,,
42,1173909,1173908,2025030415,611,20252026,2026-06-11,shot_attempt_facts_v1,shot-on-goal,saved_shot,true,true,true,false,12,54,8475791,8479394,,2,REG,p2,1358,,early_period,1551,EV,ev,0,0,0,tied,51,6,38.47,-8.973,8.973,d_035_040,a_000_010,O,offensive,snap,snap,false,3,not_rebound,,unknown,false,goalie_in_net,takeaway,12,7,"{""previous_team_shot_play_by_play_id"":1173895,""previous_team_shot_seconds_delta"":160,""source"":""shot_attempt_facts_v1""}",2026-07-27 15:03:04,2026-07-27 15:03:23,,,
43,1173914,1173913,2025030415,619,20252026,2026-06-11,shot_attempt_facts_v1,shot-on-goal,saved_shot,true,true,true,false,54,12,8475343,8483548,,2,REG,p2,1397,,early_period,1551,EV,ev,0,0,0,tied,-81,-18,19.70,113.962,113.962,d_015_020,a_090_plus,O,offensive,snap,snap,false,3,not_rebound,,unknown,false,goalie_in_net,faceoff,54,22,"{""previous_team_shot_play_by_play_id"":1173907,""previous_team_shot_seconds_delta"":72,""source"":""shot_attempt_facts_v1""}",2026-07-27 15:03:04,2026-07-27 15:03:23,,,
44,1173915,1173914,2025030415,620,20252026,2026-06-11,shot_attempt_facts_v1,blocked-shot,blocked_shot,true,false,false,false,54,12,8479639,,8480817,2,REG,p2,1401,,early_period,1551,EV,ev,0,0,0,tied,-81,6,10.00,-143.130,143.130,d_010_015,a_090_plus,D,defensive,,unknown,false,3,not_rebound,,unknown,false,goalie_in_net,shot-on-goal,54,4,"{""previous_team_shot_play_by_play_id"":1173914,""previous_team_shot_seconds_delta"":4,""source"":""shot_attempt_facts_v1""}",2026-07-27 15:03:04,2026-07-27 15:03:23,,,
45,1173917,1173916,2025030415,628,20252026,2026-06-11,shot_attempt_facts_v1,blocked-shot,blocked_shot,true,false,false,false,12,54,8477940,,8478403,2,REG,p2,1436,,early_period,1551,EV,ev,0,0,0,tied,63,-7,26.93,15.068,15.068,d_025_030,a_010_020,D,defensive,,unknown,false,3,not_rebound,,unknown,false,goalie_in_net,giveaway,54,4,"{""previous_team_shot_play_by_play_id"":1173909,""previous_team_shot_seconds_delta"":78,""source"":""shot_attempt_facts_v1""}",2026-07-27 15:03:04,2026-07-27 15:03:23,,,
46,1173918,1173917,2025030415,631,20252026,2026-06-11,shot_attempt_facts_v1,missed-shot,missed_shot,true,true,false,false,54,12,8475913,8483548,,2,REG,p2,1450,,early_period,1551,EV,ev,0,0,0,tied,-75,8,16.12,-150.255,150.255,d_015_020,a_090_plus,O,offensive,tip-in,tip,false,3,not_rebound,,unknown,false,goalie_in_net,blocked-shot,12,14,"{""previous_team_shot_play_by_play_id"":1173915,""previous_team_shot_seconds_delta"":49,""source"":""shot_attempt_facts_v1""}",2026-07-27 15:03:04,2026-07-27 15:03:23,,,
47,1173930,1173929,2025030415,660,20252026,2026-06-11,shot_attempt_facts_v1,blocked-shot,blocked_shot,true,false,false,false,12,54,8476906,,8479639,2,REG,p2,1586,,early_period,1551,EV,ev,0,0,0,tied,80,3,9.49,-18.435,18.435,d_005_010,a_010_020,D,defensive,,unknown,false,3,not_rebound,,unknown,false,goalie_in_net,faceoff,12,11,"{""previous_team_shot_play_by_play_id"":1173917,""previous_team_shot_seconds_delta"":150,""source"":""shot_attempt_facts_v1""}",2026-07-27 15:03:04,2026-07-27 15:03:23,,,
48,1173944,1173943,2025030415,693,20252026,2026-06-11,shot_attempt_facts_v1,shot-on-goal,saved_shot,true,true,true,false,12,54,8476958,8479394,,2,REG,p2,1712,,middle_period,1551,EV,ev,0,0,0,tied,2,29,91.71,-18.435,18.435,d_060_plus,a_010_020,N,neutral,wrist,wrist,false,3,not_rebound,,unknown,false,goalie_in_net,faceoff,12,3,"{""previous_team_shot_play_by_play_id"":1173930,""previous_team_shot_seconds_delta"":126,""source"":""shot_attempt_facts_v1""}",2026-07-27 15:03:04,2026-07-27 15:03:23,,,
49,1173947,1173946,2025030415,801,20252026,2026-06-11,shot_attempt_facts_v1,shot-on-goal,saved_shot,true,true,true,false,12,54,8482702,8479394,,2,REG,p2,1732,,middle_period,1551,EV,ev,0,0,0,tied,18,18,73.25,-14.226,14.226,d_060_plus,a_010_020,N,neutral,backhand,backhand,false,3,not_rebound,,unknown,false,goalie_in_net,faceoff,54,17,"{""previous_team_shot_play_by_play_id"":1173944,""previous_team_shot_seconds_delta"":20,""source"":""shot_attempt_facts_v1""}",2026-07-27 15:03:04,2026-07-27 15:03:23,,,
50,1173951,1173950,2025030415,710,20252026,2026-06-11,shot_attempt_facts_v1,blocked-shot,blocked_shot,true,false,false,false,12,54,8478427,,8475188,2,REG,p2,1766,,middle_period,1451,PP,pp,0,0,0,tied,76,-5,13.93,21.038,21.038,d_010_015,a_020_030,D,defensive,,unknown,false,3,not_rebound,,unknown,false,goalie_in_net,faceoff,12,30,"{""previous_team_shot_play_by_play_id"":1173947,""previous_team_shot_seconds_delta"":34,""source"":""shot_attempt_facts_v1""}",2026-07-27 15:03:04,2026-07-27 15:03:23,,,
51,1173952,1173951,2025030415,354,20252026,2026-06-11,shot_attempt_facts_v1,missed-shot,missed_shot,true,true,false,false,12,54,8477940,8479394,,2,REG,p2,1767,,middle_period,1451,PP,pp,0,0,0,tied,77,-1,12.04,4.764,4.764,d_010_015,a_000_010,O,offensive,backhand,backhand,true,3,rebound,,unknown,false,goalie_in_net,blocked-shot,12,1,"{""previous_team_shot_play_by_play_id"":1173951,""previous_team_shot_seconds_delta"":1,""source"":""shot_attempt_facts_v1""}",2026-07-27 15:03:04,2026-07-27 15:03:23,,,
52,1173953,1173952,2025030415,711,20252026,2026-06-11,shot_attempt_facts_v1,shot-on-goal,saved_shot,true,true,true,false,12,54,8482093,8479394,,2,REG,p2,1782,,middle_period,1451,PP,pp,0,0,0,tied,73,23,28.02,-55.176,55.176,d_025_030,a_050_060,O,offensive,slap,slap,false,3,not_rebound,,unknown,false,goalie_in_net,missed-shot,12,15,"{""previous_team_shot_play_by_play_id"":1173952,""previous_team_shot_seconds_delta"":15,""source"":""shot_attempt_facts_v1""}",2026-07-27 15:03:04,2026-07-27 15:03:23,,,
53,1173956,1173955,2025030415,716,20252026,2026-06-11,shot_attempt_facts_v1,shot-on-goal,saved_shot,true,true,true,false,12,54,8482809,8479394,,2,REG,p2,1789,,middle_period,1451,PP,pp,0,0,0,tied,57,21,38.28,-33.275,33.275,d_035_040,a_030_040,O,offensive,snap,snap,false,3,not_rebound,,unknown,false,goalie_in_net,faceoff,12,5,"{""previous_team_shot_play_by_play_id"":1173953,""previous_team_shot_seconds_delta"":7,""source"":""shot_attempt_facts_v1""}",2026-07-27 15:03:04,2026-07-27 15:03:23,,,
54,1173957,1173956,2025030415,717,20252026,2026-06-11,shot_attempt_facts_v1,shot-on-goal,saved_shot,true,true,true,false,12,54,8473533,8479394,,2,REG,p2,1792,,middle_period,1451,PP,pp,0,0,0,tied,79,0,10.00,0.000,0.000,d_010_015,a_000_010,O,offensive,snap,snap,true,3,rebound,,unknown,false,goalie_in_net,shot-on-goal,12,3,"{""previous_team_shot_play_by_play_id"":1173956,""previous_team_shot_seconds_delta"":3,""source"":""shot_attempt_facts_v1""}",2026-07-27 15:03:04,2026-07-27 15:03:23,,,
55,1173963,1173962,2025030415,802,20252026,2026-06-11,shot_attempt_facts_v1,missed-shot,missed_shot,true,true,false,false,12,54,8480830,8479394,,2,REG,p2,1861,,middle_period,1451,PP,pp,0,0,0,tied,59,18,34.99,-30.964,30.964,d_030_035,a_030_040,O,offensive,slap,slap,false,3,not_rebound,,unknown,false,goalie_in_net,faceoff,12,4,"{""previous_team_shot_play_by_play_id"":1173957,""previous_team_shot_seconds_delta"":69,""source"":""shot_attempt_facts_v1""}",2026-07-27 15:03:04,2026-07-27 15:03:23,,,
56,1173964,1173963,2025030415,737,20252026,2026-06-11,shot_attempt_facts_v1,blocked-shot,blocked_shot,true,false,false,false,12,54,8477940,,8478468,2,REG,p2,1895,,middle_period,1451,PP,pp,0,0,0,tied,67,-9,23.77,22.249,22.249,d_020_025,a_020_030,D,defensive,,unknown,false,3,not_rebound,,unknown,false,goalie_in_net,missed-shot,12,34,"{""previous_team_shot_play_by_play_id"":1173963,""previous_team_shot_seconds_delta"":34,""source"":""shot_attempt_facts_v1""}",2026-07-27 15:03:04,2026-07-27 15:03:23,,,
57,1173965,1173964,2025030415,739,20252026,2026-06-11,shot_attempt_facts_v1,goal,goal,true,true,true,true,12,54,8480830,8479394,,2,REG,p2,1918,,middle_period,1451,PP,pp,2,1,1,leading_by_1,53,-16,39.40,23.962,23.962,d_035_040,a_020_030,O,offensive,snap,snap,false,3,not_rebound,,unknown,false,goalie_in_net,blocked-shot,12,23,"{""previous_team_shot_play_by_play_id"":1173964,""previous_team_shot_seconds_delta"":23,""source"":""shot_attempt_facts_v1""}",2026-07-27 15:03:04,2026-07-27 15:03:23,,,
58,1173969,1173968,2025030415,750,20252026,2026-06-11,shot_attempt_facts_v1,shot-on-goal,saved_shot,true,true,true,false,54,12,8479353,8483548,,2,REG,p2,1953,,middle_period,1551,EV,ev,0,0,0,tied,-20,-18,71.31,165.379,165.379,d_060_plus,a_090_plus,N,neutral,tip-in,tip,false,3,not_rebound,,unknown,false,goalie_in_net,hit,54,6,"{""previous_team_shot_play_by_play_id"":1173918,""previous_team_shot_seconds_delta"":503,""source"":""shot_attempt_facts_v1""}",2026-07-27 15:03:04,2026-07-27 15:03:23,,,
59,1173971,1173970,2025030415,753,20252026,2026-06-11,shot_attempt_facts_v1,missed-shot,missed_shot,true,true,false,false,12,54,8482702,8479394,,2,REG,p2,1974,,middle_period,1551,EV,ev,0,0,0,tied,81,3,8.54,-20.556,20.556,d_005_010,a_020_030,O,offensive,tip-in,tip,false,3,not_rebound,,unknown,false,goalie_in_net,hit,54,15,"{""previous_team_shot_play_by_play_id"":1173965,""previous_team_shot_seconds_delta"":56,""source"":""shot_attempt_facts_v1""}",2026-07-27 15:03:04,2026-07-27 15:03:23,,,
60,1173979,1173978,2025030415,777,20252026,2026-06-11,shot_attempt_facts_v1,blocked-shot,blocked_shot,true,false,false,false,12,54,8473533,,8478397,2,REG,p2,2088,,late_period,1551,EV,ev,0,0,0,tied,62,17,31.91,-32.196,32.196,d_030_035,a_030_040,D,defensive,,unknown,false,3,not_rebound,,unknown,false,goalie_in_net,hit,54,17,"{""previous_team_shot_play_by_play_id"":1173971,""previous_team_shot_seconds_delta"":114,""source"":""shot_attempt_facts_v1""}",2026-07-27 15:03:04,2026-07-27 15:03:23,,,
61,1173980,1173979,2025030415,355,20252026,2026-06-11,shot_attempt_facts_v1,missed-shot,missed_shot,true,true,false,false,12,54,8473533,8479394,,2,REG,p2,2090,,late_period,1551,EV,ev,0,0,0,tied,66,-3,23.19,7.431,7.431,d_020_025,a_000_010,O,offensive,wrist,wrist,true,3,rebound,,unknown,false,goalie_in_net,blocked-shot,12,2,"{""previous_team_shot_play_by_play_id"":1173979,""previous_team_shot_seconds_delta"":2,""source"":""shot_attempt_facts_v1""}",2026-07-27 15:03:04,2026-07-27 15:03:23,,,
62,1173983,1173982,2025030415,788,20252026,2026-06-11,shot_attempt_facts_v1,missed-shot,missed_shot,true,true,false,false,54,12,8479353,8483548,,2,REG,p2,2125,,late_period,1551,EV,ev,0,0,0,tied,-79,-2,10.20,168.690,168.690,d_010_015,a_090_plus,O,offensive,wrist,wrist,false,3,not_rebound,,unknown,false,goalie_in_net,takeaway,54,3,"{""previous_team_shot_play_by_play_id"":1173969,""previous_team_shot_seconds_delta"":172,""source"":""shot_attempt_facts_v1""}",2026-07-27 15:03:04,2026-07-27 15:03:23,,,
63,1173986,1173985,2025030415,154,20252026,2026-06-11,shot_attempt_facts_v1,shot-on-goal,saved_shot,true,true,true,false,54,12,8475343,8483548,,2,REG,p2,2166,,late_period,1551,EV,ev,0,0,0,tied,-87,7,7.28,-105.945,105.945,d_005_010,a_090_plus,O,offensive,wrist,wrist,false,3,not_rebound,,unknown,false,goalie_in_net,hit,54,6,"{""previous_team_shot_play_by_play_id"":1173983,""previous_team_shot_seconds_delta"":41,""source"":""shot_attempt_facts_v1""}",2026-07-27 15:03:04,2026-07-27 15:03:23,,,
64,1173987,1173986,2025030415,157,20252026,2026-06-11,shot_attempt_facts_v1,missed-shot,missed_shot,true,true,false,false,54,12,8478397,8483548,,2,REG,p2,2168,,late_period,1551,EV,ev,0,0,0,tied,-91,9,9.22,-77.471,77.471,d_005_010,a_070_080,O,offensive,wrist,wrist,true,3,rebound,,unknown,false,goalie_in_net,shot-on-goal,54,2,"{""previous_team_shot_play_by_play_id"":1173986,""previous_team_shot_seconds_delta"":2,""source"":""shot_attempt_facts_v1""}",2026-07-27 15:03:04,2026-07-27 15:03:23,,,
65,1173989,1173988,2025030415,853,20252026,2026-06-11,shot_attempt_facts_v1,missed-shot,missed_shot,true,true,false,false,54,12,8478397,8483548,,2,REG,p2,2187,,late_period,1551,EV,ev,0,0,0,tied,-60,39,48.60,-126.634,126.634,d_045_050,a_090_plus,O,offensive,snap,snap,false,3,not_rebound,,unknown,false,goalie_in_net,hit,12,10,"{""previous_team_shot_play_by_play_id"":1173987,""previous_team_shot_seconds_delta"":19,""source"":""shot_attempt_facts_v1""}",2026-07-27 15:03:04,2026-07-27 15:03:23,,,
66,1173990,1173989,2025030415,855,20252026,2026-06-11,shot_attempt_facts_v1,missed-shot,missed_shot,true,true,false,false,54,12,8478468,8483548,,2,REG,p2,2200,,late_period,1551,EV,ev,0,0,0,tied,-29,26,65.39,-156.571,156.571,d_060_plus,a_090_plus,O,offensive,wrist,wrist,false,3,not_rebound,,unknown,false,goalie_in_net,missed-shot,54,13,"{""previous_team_shot_play_by_play_id"":1173989,""previous_team_shot_seconds_delta"":13,""source"":""shot_attempt_facts_v1""}",2026-07-27 15:03:04,2026-07-27 15:03:23,,,
67,1173992,1173991,2025030415,856,20252026,2026-06-11,shot_attempt_facts_v1,missed-shot,missed_shot,true,true,false,false,12,54,8482702,8479394,,2,REG,p2,2210,,late_period,1551,EV,ev,0,0,0,tied,43,9,46.87,-11.070,11.070,d_045_050,a_010_020,O,offensive,snap,snap,false,3,not_rebound,,unknown,false,goalie_in_net,hit,54,6,"{""previous_team_shot_play_by_play_id"":1173980,""previous_team_shot_seconds_delta"":120,""source"":""shot_attempt_facts_v1""}",2026-07-27 15:03:04,2026-07-27 15:03:23,,,
68,1173993,1173992,2025030415,870,20252026,2026-06-11,shot_attempt_facts_v1,missed-shot,missed_shot,true,true,false,false,54,12,8478483,8483548,,2,REG,p2,2255,,late_period,1551,EV,ev,0,0,0,tied,-82,23,24.04,-106.928,106.928,d_020_025,a_090_plus,O,offensive,snap,snap,false,3,not_rebound,,unknown,false,goalie_in_net,missed-shot,12,45,"{""previous_team_shot_play_by_play_id"":1173990,""previous_team_shot_seconds_delta"":55,""source"":""shot_attempt_facts_v1""}",2026-07-27 15:03:04,2026-07-27 15:03:23,,,
69,1173994,1173993,2025030415,872,20252026,2026-06-11,shot_attempt_facts_v1,missed-shot,missed_shot,true,true,false,false,54,12,8477447,8483548,,2,REG,p2,2258,,late_period,1551,EV,ev,0,0,0,tied,-57,-30,43.86,136.848,136.848,d_040_045,a_090_plus,O,offensive,snap,snap,true,3,rebound,,unknown,false,goalie_in_net,missed-shot,54,3,"{""previous_team_shot_play_by_play_id"":1173993,""previous_team_shot_seconds_delta"":3,""source"":""shot_attempt_facts_v1""}",2026-07-27 15:03:04,2026-07-27 15:03:23,,,
70,1173995,1173994,2025030415,874,20252026,2026-06-11,shot_attempt_facts_v1,goal,goal,true,true,true,true,12,54,8478427,8479394,,2,REG,p2,2271,,late_period,1551,EV,ev,3,1,2,leading_by_2_plus,81,15,17.00,-61.928,61.928,d_015_020,a_060_070,O,offensive,snap,snap,false,3,not_rebound,,unknown,false,goalie_in_net,missed-shot,54,13,"{""previous_team_shot_play_by_play_id"":1173992,""previous_team_shot_seconds_delta"":61,""source"":""shot_attempt_facts_v1""}",2026-07-27 15:03:04,2026-07-27 15:03:23,,,
71,1173999,1173998,2025030415,881,20252026,2026-06-11,shot_attempt_facts_v1,missed-shot,missed_shot,true,true,false,false,12,54,8480762,8479394,,2,REG,p2,2292,,late_period,1551,EV,ev,0,0,0,tied,66,5,23.54,-12.265,12.265,d_020_025,a_010_020,O,offensive,tip-in,tip,false,3,not_rebound,,unknown,false,goalie_in_net,hit,54,4,"{""previous_team_shot_play_by_play_id"":1173995,""previous_team_shot_seconds_delta"":21,""source"":""shot_attempt_facts_v1""}",2026-07-27 15:03:04,2026-07-27 15:03:23,,,
72,1174002,1174001,2025030415,888,20252026,2026-06-11,shot_attempt_facts_v1,shot-on-goal,saved_shot,true,true,true,false,12,54,8482809,8479394,,2,REG,p2,2328,,late_period,1551,EV,ev,0,0,0,tied,84,2,5.39,-21.801,21.801,d_005_010,a_020_030,O,offensive,tip-in,tip,false,3,not_rebound,,unknown,false,goalie_in_net,hit,12,18,"{""previous_team_shot_play_by_play_id"":1173999,""previous_team_shot_seconds_delta"":36,""source"":""shot_attempt_facts_v1""}",2026-07-27 15:03:04,2026-07-27 15:03:23,,,
73,1174004,1174003,2025030415,804,20252026,2026-06-11,shot_attempt_facts_v1,shot-on-goal,saved_shot,true,true,true,false,12,54,8475791,8479394,,2,REG,p2,2335,,late_period,1551,EV,ev,0,0,0,tied,12,41,87.24,-28.034,28.034,d_060_plus,a_020_030,N,neutral,wrist,wrist,false,3,not_rebound,,unknown,false,goalie_in_net,hit,12,1,"{""previous_team_shot_play_by_play_id"":1174002,""previous_team_shot_seconds_delta"":7,""source"":""shot_attempt_facts_v1""}",2026-07-27 15:03:04,2026-07-27 15:03:23,,,
74,1174007,1174006,2025030415,899,20252026,2026-06-11,shot_attempt_facts_v1,blocked-shot,blocked_shot,true,false,false,false,12,54,8473533,,8478403,2,REG,p2,2345,,late_period,1551,EV,ev,0,0,0,tied,76,2,13.15,-8.746,8.746,d_010_015,a_000_010,D,defensive,,unknown,false,3,not_rebound,,unknown,false,goalie_in_net,faceoff,54,5,"{""previous_team_shot_play_by_play_id"":1174004,""previous_team_shot_seconds_delta"":10,""source"":""shot_attempt_facts_v1""}",2026-07-27 15:03:04,2026-07-27 15:03:23,,,
75,1174008,1174007,2025030415,805,20252026,2026-06-11,shot_attempt_facts_v1,blocked-shot,blocked_shot,true,false,false,false,12,54,8473533,,8478403,2,REG,p2,2347,,late_period,1551,EV,ev,0,0,0,tied,76,4,13.60,-17.103,17.103,d_010_015,a_010_020,D,defensive,,unknown,true,3,rebound,,unknown,false,goalie_in_net,blocked-shot,12,2,"{""previous_team_shot_play_by_play_id"":1174007,""previous_team_shot_seconds_delta"":2,""source"":""shot_attempt_facts_v1""}",2026-07-27 15:03:04,2026-07-27 15:03:23,,,
76,1174013,1174012,2025030415,916,20252026,2026-06-11,shot_attempt_facts_v1,shot-on-goal,saved_shot,true,true,true,false,12,54,8482093,8479394,,3,REG,p3,2410,,early_period,1551,EV,ev,0,0,0,tied,-20,36,77.83,-152.447,152.447,d_060_plus,a_090_plus,N,neutral,wrist,wrist,false,3,not_rebound,,unknown,false,goalie_in_net,faceoff,12,10,"{""previous_team_shot_play_by_play_id"":1174008,""previous_team_shot_seconds_delta"":63,""source"":""shot_attempt_facts_v1""}",2026-07-27 15:03:04,2026-07-27 15:03:23,,,
77,1174016,1174015,2025030415,921,20252026,2026-06-11,shot_attempt_facts_v1,shot-on-goal,saved_shot,true,true,true,false,54,12,8478397,8483548,,3,REG,p3,2416,,early_period,1551,EV,ev,0,0,0,tied,-98,-10,187.27,3.061,3.061,d_060_plus,a_000_010,D,defensive,wrist,wrist,false,3,not_rebound,,unknown,false,goalie_in_net,faceoff,54,3,"{""previous_team_shot_play_by_play_id"":1173994,""previous_team_shot_seconds_delta"":158,""source"":""shot_attempt_facts_v1""}",2026-07-27 15:03:04,2026-07-27 15:03:23,,,
78,1174018,1174017,2025030415,922,20252026,2026-06-11,shot_attempt_facts_v1,blocked-shot,blocked_shot,true,false,false,false,54,12,8481604,,8480817,3,REG,p3,2425,,early_period,1551,EV,ev,0,0,0,tied,66,12,25.94,-27.553,27.553,d_025_030,a_020_030,D,defensive,,unknown,false,3,not_rebound,,unknown,false,goalie_in_net,giveaway,12,2,"{""previous_team_shot_play_by_play_id"":1174016,""previous_team_shot_seconds_delta"":9,""source"":""shot_attempt_facts_v1""}",2026-07-27 15:03:04,2026-07-27 15:03:23,,,
79,1174019,1174018,2025030415,303,20252026,2026-06-11,shot_attempt_facts_v1,shot-on-goal,saved_shot,true,true,true,false,54,12,8476925,8483548,,3,REG,p3,2427,,early_period,1551,EV,ev,0,0,0,tied,84,6,7.81,-50.194,50.194,d_005_010,a_050_060,O,offensive,bat,other,true,3,rebound,,unknown,false,goalie_in_net,blocked-shot,54,2,"{""previous_team_shot_play_by_play_id"":1174018,""previous_team_shot_seconds_delta"":2,""source"":""shot_attempt_facts_v1""}",2026-07-27 15:03:04,2026-07-27 15:03:23,,,
80,1174022,1174021,2025030415,928,20252026,2026-06-11,shot_attempt_facts_v1,shot-on-goal,saved_shot,true,true,true,false,12,54,8482093,8479394,,3,REG,p3,2431,,early_period,1551,EV,ev,0,0,0,tied,44,41,139.18,-162.867,162.867,d_060_plus,a_090_plus,D,defensive,backhand,backhand,false,3,not_rebound,,unknown,false,goalie_in_net,faceoff,12,3,"{""previous_team_shot_play_by_play_id"":1174013,""previous_team_shot_seconds_delta"":21,""source"":""shot_attempt_facts_v1""}",2026-07-27 15:03:04,2026-07-27 15:03:23,,,
81,1174027,1174026,2025030415,933,20252026,2026-06-11,shot_attempt_facts_v1,shot-on-goal,saved_shot,true,true,true,false,12,54,8476958,8479394,,3,REG,p3,2445,,early_period,1551,EV,ev,0,0,0,tied,-38,-30,59.17,149.534,149.534,d_055_060,a_090_plus,O,offensive,snap,snap,false,3,not_rebound,,unknown,false,goalie_in_net,faceoff,12,2,"{""previous_team_shot_play_by_play_id"":1174022,""previous_team_shot_seconds_delta"":14,""source"":""shot_attempt_facts_v1""}",2026-07-27 15:03:04,2026-07-27 15:03:23,,,
82,1174028,1174027,2025030415,934,20252026,2026-06-11,shot_attempt_facts_v1,blocked-shot,blocked_shot,true,false,false,false,12,54,8480830,,8477447,3,REG,p3,2455,,early_period,1551,EV,ev,0,0,0,tied,-88,5,5.10,-101.310,101.310,d_005_010,a_090_plus,D,defensive,,unknown,false,3,not_rebound,,unknown,false,goalie_in_net,shot-on-goal,12,10,"{""previous_team_shot_play_by_play_id"":1174027,""previous_team_shot_seconds_delta"":10,""source"":""shot_attempt_facts_v1""}",2026-07-27 15:03:04,2026-07-27 15:03:23,,,
83,1174029,1174028,2025030415,935,20252026,2026-06-11,shot_attempt_facts_v1,blocked-shot,blocked_shot,true,false,false,false,12,54,8478970,,8477447,3,REG,p3,2458,,early_period,1551,EV,ev,0,0,0,tied,-77,1,12.04,-175.236,175.236,d_010_015,a_090_plus,D,defensive,,unknown,true,3,rebound,,unknown,false,goalie_in_net,blocked-shot,12,3,"{""previous_team_shot_play_by_play_id"":1174028,""previous_team_shot_seconds_delta"":3,""source"":""shot_attempt_facts_v1""}",2026-07-27 15:03:04,2026-07-27 15:03:23,,,
84,1174032,1174031,2025030415,945,20252026,2026-06-11,shot_attempt_facts_v1,shot-on-goal,saved_shot,true,true,true,false,54,12,8479353,8483548,,3,REG,p3,2500,,early_period,1551,EV,ev,0,0,0,tied,82,-2,7.28,15.945,15.945,d_005_010,a_010_020,O,offensive,deflected,deflection,false,3,not_rebound,,unknown,false,goalie_in_net,hit,54,2,"{""previous_team_shot_play_by_play_id"":1174019,""previous_team_shot_seconds_delta"":73,""source"":""shot_attempt_facts_v1""}",2026-07-27 15:03:04,2026-07-27 15:03:23,,,
85,1174035,1174034,2025030415,951,20252026,2026-06-11,shot_attempt_facts_v1,missed-shot,missed_shot,true,true,false,false,54,12,8479639,8483548,,3,REG,p3,2503,,early_period,1551,EV,ev,0,0,0,tied,49,-39,55.87,44.275,44.275,d_055_060,a_040_050,O,offensive,wrist,wrist,true,3,rebound,,unknown,false,goalie_in_net,faceoff,54,1,"{""previous_team_shot_play_by_play_id"":1174032,""previous_team_shot_seconds_delta"":3,""source"":""shot_attempt_facts_v1""}",2026-07-27 15:03:04,2026-07-27 15:03:23,,,
86,1174036,1174035,2025030415,952,20252026,2026-06-11,shot_attempt_facts_v1,missed-shot,missed_shot,true,true,false,false,12,54,8476873,8479394,,3,REG,p3,2516,,early_period,1551,EV,ev,0,0,0,tied,-90,-32,32.02,88.210,88.210,d_030_035,a_080_090,O,offensive,snap,snap,false,3,not_rebound,,unknown,false,goalie_in_net,missed-shot,54,13,"{""previous_team_shot_play_by_play_id"":1174029,""previous_team_shot_seconds_delta"":58,""source"":""shot_attempt_facts_v1""}",2026-07-27 15:03:04,2026-07-27 15:03:23,,,
87,1174040,1174039,2025030415,980,20252026,2026-06-11,shot_attempt_facts_v1,shot-on-goal,saved_shot,true,true,true,false,12,54,8480830,8479394,,3,REG,p3,2610,,early_period,1451,PP,pp,0,0,0,tied,-71,24,30.00,-126.870,126.870,d_030_035,a_090_plus,O,offensive,snap,snap,false,3,not_rebound,,unknown,false,goalie_in_net,faceoff,12,7,"{""previous_team_shot_play_by_play_id"":1174036,""previous_team_shot_seconds_delta"":94,""source"":""shot_attempt_facts_v1""}",2026-07-27 15:03:04,2026-07-27 15:03:23,,,
88,1174041,1174040,2025030415,806,20252026,2026-06-11,shot_attempt_facts_v1,blocked-shot,blocked_shot,true,false,false,false,12,54,8473533,,8477447,3,REG,p3,2612,,early_period,1451,PP,pp,0,0,0,tied,-81,-1,8.06,172.875,172.875,d_005_010,a_090_plus,D,defensive,,unknown,true,3,rebound,,unknown,false,goalie_in_net,shot-on-goal,12,2,"{""previous_team_shot_play_by_play_id"":1174040,""previous_team_shot_seconds_delta"":2,""source"":""shot_attempt_facts_v1""}",2026-07-27 15:03:04,2026-07-27 15:03:23,,,
89,1174042,1174041,2025030415,981,20252026,2026-06-11,shot_attempt_facts_v1,missed-shot,missed_shot,true,true,false,false,12,54,8480830,8479394,,3,REG,p3,2640,,early_period,1451,PP,pp,0,0,0,tied,-67,-15,26.63,145.713,145.713,d_025_030,a_090_plus,O,offensive,snap,snap,false,3,not_rebound,,unknown,false,goalie_in_net,blocked-shot,12,28,"{""previous_team_shot_play_by_play_id"":1174041,""previous_team_shot_seconds_delta"":28,""source"":""shot_attempt_facts_v1""}",2026-07-27 15:03:04,2026-07-27 15:03:23,,,
90,1174043,1174042,2025030415,982,20252026,2026-06-11,shot_attempt_facts_v1,shot-on-goal,saved_shot,true,true,true,false,12,54,8478427,8479394,,3,REG,p3,2653,,early_period,1451,PP,pp,0,0,0,tied,-51,14,40.50,-159.775,159.775,d_040_045,a_090_plus,O,offensive,slap,slap,false,3,not_rebound,,unknown,false,goalie_in_net,missed-shot,12,13,"{""previous_team_shot_play_by_play_id"":1174042,""previous_team_shot_seconds_delta"":13,""source"":""shot_attempt_facts_v1""}",2026-07-27 15:03:04,2026-07-27 15:03:23,,,
91,1174044,1174043,2025030415,983,20252026,2026-06-11,shot_attempt_facts_v1,shot-on-goal,saved_shot,true,true,true,false,12,54,8482093,8479394,,3,REG,p3,2674,,early_period,1451,PP,pp,0,0,0,tied,-62,-19,33.02,144.866,144.866,d_030_035,a_090_plus,O,offensive,slap,slap,false,3,not_rebound,,unknown,false,goalie_in_net,shot-on-goal,12,21,"{""previous_team_shot_play_by_play_id"":1174043,""previous_team_shot_seconds_delta"":21,""source"":""shot_attempt_facts_v1""}",2026-07-27 15:03:04,2026-07-27 15:03:23,,,
92,1174047,1174046,2025030415,988,20252026,2026-06-11,shot_attempt_facts_v1,blocked-shot,blocked_shot,true,false,false,false,12,54,8475791,,8478397,3,REG,p3,2702,,early_period,1451,PP,pp,0,0,0,tied,-64,-17,30.23,145.784,145.784,d_030_035,a_090_plus,D,defensive,,unknown,false,3,not_rebound,,unknown,false,goalie_in_net,faceoff,54,26,"{""previous_team_shot_play_by_play_id"":1174044,""previous_team_shot_seconds_delta"":28,""source"":""shot_attempt_facts_v1""}",2026-07-27 15:03:04,2026-07-27 15:03:23,,,
93,1174049,1174048,2025030415,808,20252026,2026-06-11,shot_attempt_facts_v1,blocked-shot,blocked_shot,true,false,false,false,12,54,8475791,,8478483,3,REG,p3,2716,,early_period,1451,PP,pp,0,0,0,tied,-64,-18,30.81,144.246,144.246,d_030_035,a_090_plus,D,defensive,,unknown,false,3,not_rebound,,unknown,false,goalie_in_net,takeaway,12,10,"{""previous_team_shot_play_by_play_id"":1174047,""previous_team_shot_seconds_delta"":14,""source"":""shot_attempt_facts_v1""}",2026-07-27 15:03:04,2026-07-27 15:03:23,,,
94,1174050,1174049,2025030415,998,20252026,2026-06-11,shot_attempt_facts_v1,blocked-shot,blocked_shot,true,false,false,false,12,54,8476921,,8478403,3,REG,p3,2746,,early_period,1551,EV,ev,0,0,0,tied,-74,0,15.00,180.000,180.000,d_015_020,a_090_plus,D,defensive,,unknown,false,3,not_rebound,,unknown,false,goalie_in_net,blocked-shot,12,30,"{""previous_team_shot_play_by_play_id"":1174049,""previous_team_shot_seconds_delta"":30,""source"":""shot_attempt_facts_v1""}",2026-07-27 15:03:04,2026-07-27 15:03:23,,,
95,1174051,1174050,2025030415,1008,20252026,2026-06-11,shot_attempt_facts_v1,missed-shot,missed_shot,true,true,false,false,54,12,8477447,8483548,,3,REG,p3,2781,,early_period,1551,EV,ev,0,0,0,tied,42,33,57.43,-35.074,35.074,d_055_060,a_030_040,O,offensive,snap,snap,false,3,not_rebound,,unknown,false,goalie_in_net,blocked-shot,12,35,"{""previous_team_shot_play_by_play_id"":1174035,""previous_team_shot_seconds_delta"":278,""source"":""shot_attempt_facts_v1""}",2026-07-27 15:03:04,2026-07-27 15:03:23,,,
96,1174054,1174053,2025030415,1020,20252026,2026-06-11,shot_attempt_facts_v1,blocked-shot,blocked_shot,true,false,false,false,54,12,8481604,,8480817,3,REG,p3,2809,,middle_period,1551,EV,ev,0,0,0,tied,82,-10,12.21,55.008,55.008,d_010_015,a_050_060,D,defensive,,unknown,false,3,not_rebound,,unknown,false,goalie_in_net,faceoff,12,8,"{""previous_team_shot_play_by_play_id"":1174051,""previous_team_shot_seconds_delta"":28,""source"":""shot_attempt_facts_v1""}",2026-07-27 15:03:04,2026-07-27 15:03:23,,,
97,1174055,1174054,2025030415,1022,20252026,2026-06-11,shot_attempt_facts_v1,missed-shot,missed_shot,true,true,false,false,12,54,8482702,8479394,,3,REG,p3,2833,,middle_period,1551,EV,ev,0,0,0,tied,-52,30,47.63,-140.964,140.964,d_045_050,a_090_plus,O,offensive,snap,snap,false,3,not_rebound,,unknown,false,goalie_in_net,blocked-shot,54,24,"{""previous_team_shot_play_by_play_id"":1174050,""previous_team_shot_seconds_delta"":87,""source"":""shot_attempt_facts_v1""}",2026-07-27 15:03:04,2026-07-27 15:03:23,,,
98,1174056,1174055,2025030415,1036,20252026,2026-06-11,shot_attempt_facts_v1,blocked-shot,blocked_shot,true,false,false,false,12,54,8477478,,8479639,3,REG,p3,2887,,middle_period,1551,EV,ev,0,0,0,tied,-64,-24,34.66,136.169,136.169,d_030_035,a_090_plus,D,defensive,,unknown,false,3,not_rebound,,unknown,false,goalie_in_net,missed-shot,12,54,"{""previous_team_shot_play_by_play_id"":1174055,""previous_team_shot_seconds_delta"":54,""source"":""shot_attempt_facts_v1""}",2026-07-27 15:03:04,2026-07-27 15:03:23,,,
99,1174060,1174059,2025030415,1042,20252026,2026-06-11,shot_attempt_facts_v1,shot-on-goal,saved_shot,true,true,true,false,12,54,8473533,8479394,,3,REG,p3,2898,,middle_period,1551,EV,ev,0,0,0,tied,-78,11,15.56,-135.000,135.000,d_015_020,a_090_plus,O,offensive,snap,snap,false,3,not_rebound,,unknown,false,goalie_in_net,giveaway,54,5,"{""previous_team_shot_play_by_play_id"":1174056,""previous_team_shot_seconds_delta"":11,""source"":""shot_attempt_facts_v1""}",2026-07-27 15:03:04,2026-07-27 15:03:23,,,
100,1174064,1174063,2025030415,809,20252026,2026-06-11,shot_attempt_facts_v1,missed-shot,missed_shot,true,true,false,false,12,54,8478427,8479394,,3,REG,p3,2931,,middle_period,1451,PP,pp,0,0,0,tied,-45,23,49.65,-152.403,152.403,d_045_050,a_090_plus,O,offensive,slap,slap,false,3,not_rebound,,unknown,false,goalie_in_net,faceoff,12,13,"{""previous_team_shot_play_by_play_id"":1174060,""previous_team_shot_seconds_delta"":33,""source"":""shot_attempt_facts_v1""}",2026-07-27 15:03:04,2026-07-27 15:03:23,,,
101,1174065,1174064,2025030415,356,20252026,2026-06-11,shot_attempt_facts_v1,blocked-shot,blocked_shot,true,false,false,false,12,54,8473533,,8475188,3,REG,p3,2932,,middle_period,1451,PP,pp,0,0,0,tied,-70,17,25.50,-138.180,138.180,d_025_030,a_090_plus,D,defensive,,unknown,true,3,rebound,,unknown,false,goalie_in_net,missed-shot,12,1,"{""previous_team_shot_play_by_play_id"":1174064,""previous_team_shot_seconds_delta"":1,""source"":""shot_attempt_facts_v1""}",2026-07-27 15:03:04,2026-07-27 15:03:23,,,
102,1174066,1174065,2025030415,1053,20252026,2026-06-11,shot_attempt_facts_v1,missed-shot,missed_shot,true,true,false,false,12,54,8482093,8479394,,3,REG,p3,2949,,middle_period,1451,PP,pp,0,0,0,tied,-82,5,8.60,-144.462,144.462,d_005_010,a_090_plus,O,offensive,backhand,backhand,false,3,not_rebound,,unknown,false,goalie_in_net,blocked-shot,12,17,"{""previous_team_shot_play_by_play_id"":1174065,""previous_team_shot_seconds_delta"":17,""source"":""shot_attempt_facts_v1""}",2026-07-27 15:03:04,2026-07-27 15:03:23,,,
103,1174068,1174067,2025030415,1071,20252026,2026-06-11,shot_attempt_facts_v1,goal,goal,true,true,true,true,12,54,8480830,8479394,,3,REG,p3,3068,,middle_period,1451,PP,pp,4,1,3,leading_by_2_plus,-85,3,5.00,-143.130,143.130,d_005_010,a_090_plus,O,offensive,wrist,wrist,false,3,not_rebound,,unknown,false,goalie_in_net,giveaway,12,35,"{""previous_team_shot_play_by_play_id"":1174066,""previous_team_shot_seconds_delta"":119,""source"":""shot_attempt_facts_v1""}",2026-07-27 15:03:04,2026-07-27 15:03:23,,,
104,1174073,1174072,2025030415,1083,20252026,2026-06-11,shot_attempt_facts_v1,shot-on-goal,saved_shot,true,true,true,false,54,12,8477447,8483548,,3,REG,p3,3128,,middle_period,1551,EV,ev,0,0,0,tied,33,16,58.24,-15.945,15.945,d_055_060,a_010_020,O,offensive,snap,snap,false,3,not_rebound,,unknown,false,goalie_in_net,hit,12,31,"{""previous_team_shot_play_by_play_id"":1174054,""previous_team_shot_seconds_delta"":319,""source"":""shot_attempt_facts_v1""}",2026-07-27 15:03:04,2026-07-27 15:03:23,,,
105,1174074,1174073,2025030415,158,20252026,2026-06-11,shot_attempt_facts_v1,missed-shot,missed_shot,true,true,false,false,54,12,8476881,8483548,,3,REG,p3,3131,,middle_period,1551,EV,ev,0,0,0,tied,85,-13,13.60,72.897,72.897,d_010_015,a_070_080,O,offensive,snap,snap,true,3,rebound,,unknown,false,goalie_in_net,shot-on-goal,54,3,"{""previous_team_shot_play_by_play_id"":1174073,""previous_team_shot_seconds_delta"":3,""source"":""shot_attempt_facts_v1""}",2026-07-27 15:03:04,2026-07-27 15:03:23,,,
106,1174075,1174074,2025030415,305,20252026,2026-06-11,shot_attempt_facts_v1,missed-shot,missed_shot,true,true,false,false,54,12,8477964,8483548,,3,REG,p3,3143,,middle_period,1551,EV,ev,0,0,0,tied,79,-2,10.20,11.310,11.310,d_010_015,a_010_020,O,offensive,wrist,wrist,false,3,not_rebound,,unknown,false,goalie_in_net,missed-shot,54,12,"{""previous_team_shot_play_by_play_id"":1174074,""previous_team_shot_seconds_delta"":12,""source"":""shot_attempt_facts_v1""}",2026-07-27 15:03:04,2026-07-27 15:03:23,,,
107,1174076,1174075,2025030415,1086,20252026,2026-06-11,shot_attempt_facts_v1,shot-on-goal,saved_shot,true,true,true,false,54,12,8477964,8483548,,3,REG,p3,3151,,middle_period,1551,EV,ev,0,0,0,tied,77,-5,13.00,22.620,22.620,d_010_015,a_020_030,O,offensive,tip-in,tip,false,3,not_rebound,,unknown,false,goalie_in_net,missed-shot,54,8,"{""previous_team_shot_play_by_play_id"":1174075,""previous_team_shot_seconds_delta"":8,""source"":""shot_attempt_facts_v1""}",2026-07-27 15:03:04,2026-07-27 15:03:23,,,
108,1174081,1174080,2025030415,1095,20252026,2026-06-11,shot_attempt_facts_v1,shot-on-goal,saved_shot,true,true,true,false,54,12,8479353,8483548,,3,REG,p3,3181,,middle_period,1551,EV,ev,0,0,0,tied,54,2,35.06,-3.270,3.270,d_035_040,a_000_010,O,offensive,snap,snap,false,3,not_rebound,,unknown,false,goalie_in_net,faceoff,12,19,"{""previous_team_shot_play_by_play_id"":1174076,""previous_team_shot_seconds_delta"":30,""source"":""shot_attempt_facts_v1""}",2026-07-27 15:03:04,2026-07-27 15:03:23,,,
109,1174083,1174082,2025030415,1103,20252026,2026-06-11,shot_attempt_facts_v1,shot-on-goal,saved_shot,true,true,true,false,54,12,8477447,8483548,,3,REG,p3,3227,,late_period,1551,EV,ev,0,0,0,tied,70,-25,31.40,52.765,52.765,d_030_035,a_050_060,O,offensive,backhand,backhand,false,3,not_rebound,,unknown,false,goalie_in_net,giveaway,54,19,"{""previous_team_shot_play_by_play_id"":1174081,""previous_team_shot_seconds_delta"":46,""source"":""shot_attempt_facts_v1""}",2026-07-27 15:03:04,2026-07-27 15:03:23,,,
110,1174084,1174083,2025030415,306,20252026,2026-06-11,shot_attempt_facts_v1,goal,goal,true,true,true,true,54,12,8481604,8483548,,3,REG,p3,3229,,late_period,1551,EV,ev,4,2,-2,trailing_by_2_plus,78,-1,11.05,5.194,5.194,d_010_015,a_000_010,O,offensive,snap,snap,true,3,rebound,,unknown,false,goalie_in_net,shot-on-goal,54,2,"{""previous_team_shot_play_by_play_id"":1174083,""previous_team_shot_seconds_delta"":2,""source"":""shot_attempt_facts_v1""}",2026-07-27 15:03:04,2026-07-27 15:03:23,,,
111,1174090,1174089,2025030415,1111,20252026,2026-06-11,shot_attempt_facts_v1,shot-on-goal,saved_shot,true,true,true,false,54,12,8478397,8483548,,3,REG,p3,3257,,late_period,1551,EV,ev,0,0,0,tied,78,0,11.00,0.000,0.000,d_010_015,a_000_010,O,offensive,wrist,wrist,false,3,not_rebound,,unknown,false,goalie_in_net,hit,12,9,"{""previous_team_shot_play_by_play_id"":1174084,""previous_team_shot_seconds_delta"":28,""source"":""shot_attempt_facts_v1""}",2026-07-27 15:03:04,2026-07-27 15:03:23,,,
112,1174093,1174092,2025030415,810,20252026,2026-06-11,shot_attempt_facts_v1,shot-on-goal,saved_shot,true,true,true,false,12,54,8477478,8479394,,3,REG,p3,3272,,late_period,1551,EV,ev,0,0,0,tied,21,40,117.05,-160.017,160.017,d_060_plus,a_090_plus,N,neutral,backhand,backhand,false,3,not_rebound,,unknown,false,goalie_in_net,giveaway,54,2,"{""previous_team_shot_play_by_play_id"":1174068,""previous_team_shot_seconds_delta"":204,""source"":""shot_attempt_facts_v1""}",2026-07-27 15:03:04,2026-07-27 15:03:23,,,
113,1174099,1174098,2025030415,1136,20252026,2026-06-11,shot_attempt_facts_v1,missed-shot,missed_shot,true,true,false,false,54,12,8478396,8483548,,3,REG,p3,3350,,final_5,1551,EV,ev,0,0,0,tied,59,17,34.48,-29.539,29.539,d_030_035,a_020_030,O,offensive,snap,snap,false,3,not_rebound,,unknown,false,goalie_in_net,giveaway,12,4,"{""previous_team_shot_play_by_play_id"":1174090,""previous_team_shot_seconds_delta"":93,""source"":""shot_attempt_facts_v1""}",2026-07-27 15:03:04,2026-07-27 15:03:23,,,
114,1174100,1174099,2025030415,1137,20252026,2026-06-11,shot_attempt_facts_v1,shot-on-goal,saved_shot,true,true,true,false,54,12,8478397,8483548,,3,REG,p3,3359,,final_5,1551,EV,ev,0,0,0,tied,28,-8,61.52,7.472,7.472,d_060_plus,a_000_010,O,offensive,slap,slap,false,3,not_rebound,,unknown,false,goalie_in_net,missed-shot,54,9,"{""previous_team_shot_play_by_play_id"":1174099,""previous_team_shot_seconds_delta"":9,""source"":""shot_attempt_facts_v1""}",2026-07-27 15:03:04,2026-07-27 15:03:23,,,
115,1174102,1174101,2025030415,1138,20252026,2026-06-11,shot_attempt_facts_v1,missed-shot,missed_shot,true,true,false,false,54,12,8478397,8483548,,3,REG,p3,3364,,final_5,1551,EV,ev,0,0,0,tied,29,-40,72.11,33.690,33.690,d_060_plus,a_030_040,O,offensive,snap,snap,false,3,not_rebound,,unknown,false,goalie_in_net,giveaway,12,1,"{""previous_team_shot_play_by_play_id"":1174100,""previous_team_shot_seconds_delta"":5,""source"":""shot_attempt_facts_v1""}",2026-07-27 15:03:04,2026-07-27 15:03:23,,,
116,1174103,1174102,2025030415,1141,20252026,2026-06-11,shot_attempt_facts_v1,missed-shot,missed_shot,true,true,false,false,12,54,8482809,8479394,,3,REG,p3,3377,,final_5,1551,EV,ev,0,0,0,tied,-56,5,33.38,-171.384,171.384,d_030_035,a_090_plus,O,offensive,snap,snap,false,3,not_rebound,,unknown,false,goalie_in_net,missed-shot,54,13,"{""previous_team_shot_play_by_play_id"":1174093,""previous_team_shot_seconds_delta"":105,""source"":""shot_attempt_facts_v1""}",2026-07-27 15:03:04,2026-07-27 15:03:23,,,
117,1174112,1174111,2025030415,1174,20252026,2026-06-11,shot_attempt_facts_v1,missed-shot,missed_shot,true,true,false,false,54,12,8477447,8483548,,3,REG,p3,3475,,final_5,0641,PP,pp,0,0,0,tied,32,-10,57.87,9.951,9.951,d_055_060,a_000_010,O,offensive,snap,snap,false,3,not_rebound,,unknown,false,goalie_in_net,faceoff,54,8,"{""previous_team_shot_play_by_play_id"":1174102,""previous_team_shot_seconds_delta"":111,""source"":""shot_attempt_facts_v1""}",2026-07-27 15:03:04,2026-07-27 15:03:23,,,
118,1174113,1174112,2025030415,159,20252026,2026-06-11,shot_attempt_facts_v1,missed-shot,missed_shot,true,true,false,false,54,12,8475913,8483548,,3,REG,p3,3501,,final_5,0641,PP,pp,0,0,0,tied,87,8,8.25,-75.964,75.964,d_005_010,a_070_080,O,offensive,tip-in,tip,false,3,not_rebound,,unknown,false,goalie_in_net,missed-shot,54,26,"{""previous_team_shot_play_by_play_id"":1174112,""previous_team_shot_seconds_delta"":26,""source"":""shot_attempt_facts_v1""}",2026-07-27 15:03:04,2026-07-27 15:03:23,,,
119,1174114,1174113,2025030415,1177,20252026,2026-06-11,shot_attempt_facts_v1,blocked-shot,blocked_shot,true,false,false,false,54,12,8477447,,8473533,3,REG,p3,3508,,final_5,0641,PP,pp,0,0,0,tied,52,-7,37.66,10.713,10.713,d_035_040,a_010_020,D,defensive,,unknown,false,3,not_rebound,,unknown,false,goalie_in_net,missed-shot,54,7,"{""previous_team_shot_play_by_play_id"":1174113,""previous_team_shot_seconds_delta"":7,""source"":""shot_attempt_facts_v1""}",2026-07-27 15:03:04,2026-07-27 15:03:23,,,
120,1174115,1174114,2025030415,1178,20252026,2026-06-11,shot_attempt_facts_v1,shot-on-goal,saved_shot,true,true,true,false,54,12,8476881,8483548,,3,REG,p3,3516,,final_5,0641,PP,pp,0,0,0,tied,79,-3,10.44,16.699,16.699,d_010_015,a_010_020,O,offensive,tip-in,tip,false,3,not_rebound,,unknown,false,goalie_in_net,blocked-shot,54,8,"{""previous_team_shot_play_by_play_id"":1174114,""previous_team_shot_seconds_delta"":8,""source"":""shot_attempt_facts_v1""}",2026-07-27 15:03:04,2026-07-27 15:03:23,,,
121,1174116,1174115,2025030415,160,20252026,2026-06-11,shot_attempt_facts_v1,shot-on-goal,saved_shot,true,true,true,false,54,12,8476881,8483548,,3,REG,p3,3518,,final_5,0641,PP,pp,0,0,0,tied,86,-8,8.54,69.444,69.444,d_005_010,a_060_070,O,offensive,wrist,wrist,true,3,rebound,,unknown,false,goalie_in_net,shot-on-goal,54,2,"{""previous_team_shot_play_by_play_id"":1174115,""previous_team_shot_seconds_delta"":2,""source"":""shot_attempt_facts_v1""}",2026-07-27 15:03:04,2026-07-27 15:03:23,,,
122,1174119,1174118,2025030415,1182,20252026,2026-06-11,shot_attempt_facts_v1,blocked-shot,blocked_shot,true,false,false,false,54,12,8481604,,8480817,3,REG,p3,3531,,final_5,0641,PP,pp,0,0,0,tied,79,-7,12.21,34.992,34.992,d_010_015,a_030_040,D,defensive,,unknown,false,3,not_rebound,,unknown,false,goalie_in_net,faceoff,54,11,"{""previous_team_shot_play_by_play_id"":1174116,""previous_team_shot_seconds_delta"":13,""source"":""shot_attempt_facts_v1""}",2026-07-27 15:03:04,2026-07-27 15:03:23,,,
123,1174121,1174120,2025030415,357,20252026,2026-06-11,shot_attempt_facts_v1,missed-shot,missed_shot,true,true,false,false,12,54,8482093,,,3,REG,p3,3560,,final_5,0641,PK,en,0,0,0,tied,-39,0,50.00,180.000,180.000,d_050_055,a_090_plus,O,offensive,backhand,backhand,false,3,not_rebound,,unknown,true,empty_net,takeaway,12,25,"{""previous_team_shot_play_by_play_id"":1174103,""previous_team_shot_seconds_delta"":183,""source"":""shot_attempt_facts_v1""}",2026-07-27 15:03:04,2026-07-27 15:03:23,,,
124,1174122,1174121,2025030415,1192,20252026,2026-06-11,shot_attempt_facts_v1,shot-on-goal,saved_shot,true,true,true,false,54,12,8478396,8483548,,3,REG,p3,3591,,final_5,0651,EV,ev,0,0,0,tied,5,20,86.35,-13.392,13.392,d_060_plus,a_010_020,N,neutral,slap,slap,false,3,not_rebound,,unknown,false,goalie_in_net,missed-shot,12,31,"{""previous_team_shot_play_by_play_id"":1174119,""previous_team_shot_seconds_delta"":60,""source"":""shot_attempt_facts_v1""}",2026-07-27 15:03:04,2026-07-27 15:03:23,,,
249,1174127,1174126,2025021229,62,20252026,2026-04-06,shot_attempt_facts_v1,shot-on-goal,saved_shot,true,true,true,false,7,14,8480064,8476883,,1,REG,p1,46,,early_period,1551,EV,ev,0,0,0,tied,82,-4,8.06,29.745,29.745,d_005_010,a_020_030,O,offensive,tip-in,tip,false,3,not_rebound,false,not_rush,false,goalie_in_net,faceoff,14,46,"{""previous_team_shot_play_by_play_id"":null,""previous_team_shot_seconds_delta"":null,""rush_reason"":""not_rush"",""source"":""shot_attempt_facts_v1""}",2026-07-27 15:06:58,2026-07-27 17:12:07,false,false,
250,1174128,1174127,2025021229,63,20252026,2026-04-06,shot_attempt_facts_v1,missed-shot,missed_shot,true,true,false,false,7,14,8480839,8476883,,1,REG,p1,49,,early_period,1551,EV,ev,0,0,0,tied,50,32,50.45,-39.369,39.369,d_050_055,a_030_040,O,offensive,slap,slap,true,3,rebound,false,not_rush,false,goalie_in_net,shot-on-goal,7,3,"{""previous_team_shot_play_by_play_id"":1174127,""previous_team_shot_seconds_delta"":3,""rush_reason"":""not_rush"",""source"":""shot_attempt_facts_v1""}",2026-07-27 15:06:58,2026-07-27 17:12:07,false,false,
251,1174132,1174131,2025021229,69,20252026,2026-04-06,shot_attempt_facts_v1,blocked-shot,blocked_shot,true,false,false,false,14,7,8477416,,8480064,1,REG,p1,95,,early_period,1551,EV,ev,0,0,0,tied,-77,15,19.21,-128.660,128.660,d_015_020,a_090_plus,D,defensive,,unknown,false,3,not_rebound,false,not_rush,false,goalie_in_net,faceoff,14,11,"{""previous_team_shot_play_by_play_id"":null,""previous_team_shot_seconds_delta"":null,""rush_reason"":""not_rush"",""source"":""shot_attempt_facts_v1""}",2026-07-27 15:06:58,2026-07-27 17:12:07,false,false,
252,1174138,1174137,2025021229,83,20252026,2026-04-06,shot_attempt_facts_v1,blocked-shot,blocked_shot,true,false,false,false,7,14,8475722,,8474151,1,REG,p1,119,,early_period,1451,PP,pp,0,0,0,tied,78,6,12.53,-28.610,28.610,d_010_015,a_020_030,D,defensive,,unknown,false,3,not_rebound,false,not_rush,false,goalie_in_net,faceoff,7,3,"{""previous_team_shot_play_by_play_id"":1174128,""previous_team_shot_seconds_delta"":70,""rush_reason"":""not_rush"",""source"":""shot_attempt_facts_v1""}",2026-07-27 15:06:58,2026-07-27 17:12:07,false,false,
253,1174139,1174138,2025021229,87,20252026,2026-04-06,shot_attempt_facts_v1,shot-on-goal,saved_shot,true,true,true,false,7,14,8480839,8476883,,1,REG,p1,156,,early_period,1451,PP,pp,0,0,0,tied,66,21,31.14,-42.397,42.397,d_030_035,a_040_050,O,offensive,wrist,wrist,false,3,not_rebound,false,not_rush,false,goalie_in_net,blocked-shot,7,37,"{""previous_team_shot_play_by_play_id"":1174138,""previous_team_shot_seconds_delta"":37,""rush_reason"":""not_rush"",""source"":""shot_attempt_facts_v1""}",2026-07-27 15:06:58,2026-07-27 17:12:07,false,false,
254,1174144,1174143,2025021229,113,20252026,2026-04-06,shot_attempt_facts_v1,shot-on-goal,saved_shot,true,true,true,false,14,7,8477404,8480045,,1,REG,p1,262,,early_period,1541,PP,pp,0,0,0,tied,-81,8,11.31,-135.000,135.000,d_010_015,a_090_plus,O,offensive,snap,snap,false,3,not_rebound,false,not_rush,false,goalie_in_net,faceoff,14,49,"{""previous_team_shot_play_by_play_id"":1174132,""previous_team_shot_seconds_delta"":167,""rush_reason"":""not_rush"",""source"":""shot_attempt_facts_v1""}",2026-07-27 15:06:58,2026-07-27 17:12:07,false,false,
255,1174145,1174144,2025021229,115,20252026,2026-04-06,shot_attempt_facts_v1,shot-on-goal,saved_shot,true,true,true,false,14,7,8476453,8480045,,1,REG,p1,279,,early_period,1541,PP,pp,0,0,0,tied,-70,-35,39.82,118.496,118.496,d_035_040,a_090_plus,O,offensive,wrist,wrist,false,3,not_rebound,false,not_rush,false,goalie_in_net,shot-on-goal,14,17,"{""previous_team_shot_play_by_play_id"":1174144,""previous_team_shot_seconds_delta"":17,""rush_reason"":""not_rush"",""source"":""shot_attempt_facts_v1""}",2026-07-27 15:06:58,2026-07-27 17:12:07,false,false,
256,1174149,1174148,2025021229,120,20252026,2026-04-06,shot_attempt_facts_v1,shot-on-goal,saved_shot,true,true,true,false,14,7,8478178,8480045,,1,REG,p1,296,,early_period,1541,PP,pp,0,0,0,tied,-40,5,49.25,-174.174,174.174,d_045_050,a_090_plus,O,offensive,slap,slap,false,3,not_rebound,true,rush_attempt,false,goalie_in_net,takeaway,7,3,"{""previous_team_shot_play_by_play_id"":1174145,""previous_team_shot_seconds_delta"":17,""rush_reason"":""direct_transition"",""source"":""shot_attempt_facts_v1""}",2026-07-27 15:06:58,2026-07-27 17:12:07,true,true,1174149
257,1174150,1174149,2025021229,121,20252026,2026-04-06,shot_attempt_facts_v1,blocked-shot,blocked_shot,true,false,false,false,14,7,8476453,,8480807,1,REG,p1,309,,early_period,1541,PP,pp,0,0,0,tied,-72,2,17.12,-173.290,173.290,d_015_020,a_090_plus,D,defensive,,unknown,false,3,not_rebound,false,not_rush,false,goalie_in_net,shot-on-goal,14,13,"{""previous_team_shot_play_by_play_id"":1174149,""previous_team_shot_seconds_delta"":13,""rush_reason"":""not_rush"",""source"":""shot_attempt_facts_v1""}",2026-07-27 15:06:58,2026-07-27 17:12:07,false,false,
258,1174153,1174152,2025021229,129,20252026,2026-04-06,shot_attempt_facts_v1,goal,goal,true,true,true,true,7,14,8477949,8476883,,1,REG,p1,342,,early_period,1551,EV,ev,0,0,0,tied,50,-8,39.81,11.592,11.592,d_035_040,a_010_020,O,offensive,snap,snap,false,3,not_rebound,true,rush_attempt,false,goalie_in_net,hit,14,5,"{""previous_team_shot_play_by_play_id"":1174139,""previous_team_shot_seconds_delta"":186,""rush_reason"":""direct_transition"",""source"":""shot_attempt_facts_v1""}",2026-07-27 15:06:58,2026-07-27 17:12:07,true,true,1174153
259,1174155,1174154,2025021229,137,20252026,2026-04-06,shot_attempt_facts_v1,missed-shot,missed_shot,true,true,false,false,7,14,8477949,8476883,,1,REG,p1,371,,early_period,1551,EV,ev,1,0,1,leading_by_1,66,-14,26.93,31.329,31.329,d_025_030,a_030_040,O,offensive,wrist,wrist,false,3,not_rebound,false,not_rush,false,goalie_in_net,faceoff,7,29,"{""previous_team_shot_play_by_play_id"":1174153,""previous_team_shot_seconds_delta"":29,""rush_reason"":""not_rush"",""source"":""shot_attempt_facts_v1""}",2026-07-27 15:06:58,2026-07-27 17:12:07,false,false,
260,1174165,1174164,2025021229,213,20252026,2026-04-06,shot_attempt_facts_v1,shot-on-goal,saved_shot,true,true,true,false,7,14,8475722,8476883,,1,REG,p1,464,,middle_period,1451,PP,pp,1,0,1,leading_by_1,82,6,9.22,-40.601,40.601,d_005_010,a_040_050,O,offensive,snap,snap,false,3,not_rebound,false,not_rush,false,goalie_in_net,giveaway,14,15,"{""previous_team_shot_play_by_play_id"":1174155,""previous_team_shot_seconds_delta"":93,""rush_reason"":""not_rush"",""source"":""shot_attempt_facts_v1""}",2026-07-27 15:06:58,2026-07-27 17:12:07,false,false,
261,1174169,1174168,2025021229,224,20252026,2026-04-06,shot_attempt_facts_v1,shot-on-goal,saved_shot,true,true,true,false,7,14,8477949,8476883,,1,REG,p1,522,,middle_period,1451,PP,pp,1,0,1,leading_by_1,75,6,15.23,-23.199,23.199,d_015_020,a_020_030,O,offensive,tip-in,tip,false,3,not_rebound,false,not_rush,false,goalie_in_net,hit,14,17,"{""previous_team_shot_play_by_play_id"":1174165,""previous_team_shot_seconds_delta"":58,""rush_reason"":""not_rush"",""source"":""shot_attempt_facts_v1""}",2026-07-27 15:06:58,2026-07-27 17:12:07,false,false,
262,1174172,1174171,2025021229,241,20252026,2026-04-06,shot_attempt_facts_v1,blocked-shot,blocked_shot,true,false,false,false,7,14,8478413,,8470621,1,REG,p1,595,,middle_period,1551,EV,ev,1,0,1,leading_by_1,62,-21,34.21,37.875,37.875,d_030_035,a_030_040,D,defensive,,unknown,false,3,not_rebound,false,not_rush,false,goalie_in_net,giveaway,14,22,"{""previous_team_shot_play_by_play_id"":1174169,""previous_team_shot_seconds_delta"":73,""rush_reason"":""not_rush"",""source"":""shot_attempt_facts_v1""}",2026-07-27 15:06:58,2026-07-27 17:12:07,false,false,
263,1174173,1174172,2025021229,242,20252026,2026-04-06,shot_attempt_facts_v1,missed-shot,missed_shot,true,true,false,false,7,14,8474568,8476883,,1,REG,p1,601,,middle_period,1551,EV,ev,1,0,1,leading_by_1,27,36,71.69,-30.141,30.141,d_060_plus,a_030_040,O,offensive,slap,slap,false,3,not_rebound,true,rush_attempt,false,goalie_in_net,blocked-shot,7,6,"{""previous_team_shot_play_by_play_id"":1174172,""previous_team_shot_seconds_delta"":6,""rush_reason"":""direct_transition"",""source"":""shot_attempt_facts_v1""}",2026-07-27 15:06:58,2026-07-27 17:12:07,true,true,1174173
264,1174185,1174184,2025021229,270,20252026,2026-04-06,shot_attempt_facts_v1,goal,goal,true,true,true,true,14,7,8476453,8480045,,1,REG,p1,705,,middle_period,1541,PP,pp,1,0,-1,trailing_by_1,-61,25,37.54,-138.240,138.240,d_035_040,a_090_plus,O,offensive,snap,snap,false,3,not_rebound,false,not_rush,false,goalie_in_net,faceoff,7,19,"{""previous_team_shot_play_by_play_id"":1174150,""previous_team_shot_seconds_delta"":396,""rush_reason"":""not_rush"",""source"":""shot_attempt_facts_v1""}",2026-07-27 15:06:58,2026-07-27 17:12:07,false,false,
265,1174189,1174188,2025021229,284,20252026,2026-04-06,shot_attempt_facts_v1,shot-on-goal,saved_shot,true,true,true,false,7,14,8481522,8476883,,1,REG,p1,770,,middle_period,1551,EV,ev,1,1,0,tied,36,24,58.18,-24.362,24.362,d_055_060,a_020_030,O,offensive,snap,snap,false,3,not_rebound,false,not_rush,false,goalie_in_net,hit,7,8,"{""previous_team_shot_play_by_play_id"":1174173,""previous_team_shot_seconds_delta"":169,""rush_reason"":""not_rush"",""source"":""shot_attempt_facts_v1""}",2026-07-27 15:06:58,2026-07-27 17:12:07,false,false,
266,1174190,1174189,2025021229,285,20252026,2026-04-06,shot_attempt_facts_v1,blocked-shot,blocked_shot,true,false,false,false,7,14,8480839,,8476826,1,REG,p1,772,,middle_period,1551,EV,ev,1,1,0,tied,88,5,5.10,-78.690,78.690,d_005_010,a_070_080,D,defensive,,unknown,true,3,rebound,false,not_rush,false,goalie_in_net,shot-on-goal,7,2,"{""previous_team_shot_play_by_play_id"":1174189,""previous_team_shot_seconds_delta"":2,""rush_reason"":""not_rush"",""source"":""shot_attempt_facts_v1""}",2026-07-27 15:06:58,2026-07-27 17:12:07,false,false,
267,1174197,1174196,2025021229,303,20252026,2026-04-06,shot_attempt_facts_v1,goal,goal,true,true,true,true,7,14,8480064,8476883,,1,REG,p1,844,,late_period,1551,EV,ev,1,1,0,tied,65,-18,30.00,36.870,36.870,d_030_035,a_030_040,O,offensive,wrist,wrist,false,3,not_rebound,false,not_rush,false,goalie_in_net,faceoff,14,24,"{""previous_team_shot_play_by_play_id"":1174190,""previous_team_shot_seconds_delta"":72,""rush_reason"":""not_rush"",""source"":""shot_attempt_facts_v1""}",2026-07-27 15:06:58,2026-07-27 17:12:07,false,false,
268,1174201,1174200,2025021229,318,20252026,2026-04-06,shot_attempt_facts_v1,shot-on-goal,saved_shot,true,true,true,false,7,14,8478413,8476883,,1,REG,p1,904,,late_period,1551,EV,ev,2,1,1,leading_by_1,81,-17,18.79,64.799,64.799,d_015_020,a_060_070,O,offensive,wrist,wrist,false,3,not_rebound,false,not_rush,false,goalie_in_net,faceoff,7,26,"{""previous_team_shot_play_by_play_id"":1174197,""previous_team_shot_seconds_delta"":60,""rush_reason"":""not_rush"",""source"":""shot_attempt_facts_v1""}",2026-07-27 15:06:58,2026-07-27 17:12:07,false,false,
269,1174202,1174201,2025021229,319,20252026,2026-04-06,shot_attempt_facts_v1,shot-on-goal,saved_shot,true,true,true,false,7,14,8479359,8476883,,1,REG,p1,905,,late_period,1551,EV,ev,2,1,1,leading_by_1,87,-6,6.32,71.565,71.565,d_005_010,a_070_080,O,offensive,wrist,wrist,true,3,rebound,false,not_rush,false,goalie_in_net,shot-on-goal,7,1,"{""previous_team_shot_play_by_play_id"":1174201,""previous_team_shot_seconds_delta"":1,""rush_reason"":""not_rush"",""source"":""shot_attempt_facts_v1""}",2026-07-27 15:06:58,2026-07-27 17:12:07,false,false,
270,1174203,1174202,2025021229,327,20252026,2026-04-06,shot_attempt_facts_v1,blocked-shot,blocked_shot,true,false,false,false,7,14,8475722,,8482929,1,REG,p1,935,,late_period,1551,EV,ev,2,1,1,leading_by_1,71,-8,19.70,23.962,23.962,d_015_020,a_020_030,D,defensive,,unknown,false,3,not_rebound,false,not_rush,false,goalie_in_net,shot-on-goal,7,30,"{""previous_team_shot_play_by_play_id"":1174202,""previous_team_shot_seconds_delta"":30,""rush_reason"":""not_rush"",""source"":""shot_attempt_facts_v1""}",2026-07-27 15:06:58,2026-07-27 17:12:07,false,false,
271,1174204,1174203,2025021229,333,20252026,2026-04-06,shot_attempt_facts_v1,shot-on-goal,saved_shot,true,true,true,false,7,14,8475722,8476883,,1,REG,p1,960,,late_period,1551,EV,ev,2,1,1,leading_by_1,83,1,6.08,-9.462,9.462,d_005_010,a_000_010,O,offensive,backhand,backhand,false,3,not_rebound,false,not_rush,false,goalie_in_net,blocked-shot,7,25,"{""previous_team_shot_play_by_play_id"":1174203,""previous_team_shot_seconds_delta"":25,""rush_reason"":""not_rush"",""source"":""shot_attempt_facts_v1""}",2026-07-27 15:06:58,2026-07-27 17:12:07,false,false,
272,1174205,1174204,2025021229,152,20252026,2026-04-06,shot_attempt_facts_v1,shot-on-goal,saved_shot,true,true,true,false,14,7,8478010,8480045,,1,REG,p1,969,,late_period,1551,EV,ev,2,1,-1,trailing_by_1,-83,-6,8.49,135.000,135.000,d_005_010,a_090_plus,O,offensive,backhand,backhand,false,3,not_rebound,false,not_rush,false,goalie_in_net,shot-on-goal,7,9,"{""previous_team_shot_play_by_play_id"":1174185,""previous_team_shot_seconds_delta"":264,""rush_reason"":""not_rush"",""source"":""shot_attempt_facts_v1""}",2026-07-27 15:06:58,2026-07-27 17:12:07,false,false,
273,1174208,1174207,2025021229,340,20252026,2026-04-06,shot_attempt_facts_v1,blocked-shot,blocked_shot,true,false,false,false,7,14,8480064,,8477416,1,REG,p1,984,,late_period,1551,EV,ev,2,1,1,leading_by_1,73,9,18.36,-29.358,29.358,d_015_020,a_020_030,D,defensive,,unknown,false,3,not_rebound,false,not_rush,false,goalie_in_net,faceoff,14,14,"{""previous_team_shot_play_by_play_id"":1174204,""previous_team_shot_seconds_delta"":24,""rush_reason"":""not_rush"",""source"":""shot_attempt_facts_v1""}",2026-07-27 15:06:58,2026-07-27 17:12:07,false,false,
274,1174211,1174210,2025021229,346,20252026,2026-04-06,shot_attempt_facts_v1,shot-on-goal,saved_shot,true,true,true,false,14,7,8477426,8480045,,1,REG,p1,995,,late_period,1551,EV,ev,2,1,-1,trailing_by_1,-43,-9,46.87,168.930,168.930,d_045_050,a_090_plus,O,offensive,snap,snap,false,3,not_rebound,false,not_rush,false,goalie_in_net,faceoff,14,10,"{""previous_team_shot_play_by_play_id"":1174205,""previous_team_shot_seconds_delta"":26,""rush_reason"":""not_rush"",""source"":""shot_attempt_facts_v1""}",2026-07-27 15:06:58,2026-07-27 17:12:07,false,false,
275,1174214,1174213,2025021229,354,20252026,2026-04-06,shot_attempt_facts_v1,shot-on-goal,saved_shot,true,true,true,false,14,7,8478178,8480045,,1,REG,p1,1001,,late_period,1541,PP,pp,2,1,-1,trailing_by_1,-30,-11,60.02,169.439,169.439,d_060_plus,a_090_plus,O,offensive,snap,snap,false,3,not_rebound,false,not_rush,false,goalie_in_net,faceoff,14,4,"{""previous_team_shot_play_by_play_id"":1174211,""previous_team_shot_seconds_delta"":6,""rush_reason"":""not_rush"",""source"":""shot_attempt_facts_v1""}",2026-07-27 15:06:58,2026-07-27 17:12:07,false,false,
276,1174217,1174216,2025021229,358,20252026,2026-04-06,shot_attempt_facts_v1,missed-shot,missed_shot,true,true,false,false,7,14,8477949,8476883,,1,REG,p1,1013,,late_period,1541,PK,pk,2,1,1,leading_by_1,60,-20,35.23,34.592,34.592,d_035_040,a_030_040,O,offensive,wrist,wrist,false,3,not_rebound,false,not_rush,false,goalie_in_net,faceoff,7,10,"{""previous_team_shot_play_by_play_id"":1174208,""previous_team_shot_seconds_delta"":29,""rush_reason"":""not_rush"",""source"":""shot_attempt_facts_v1""}",2026-07-27 15:06:58,2026-07-27 17:12:07,false,false,
277,1174220,1174219,2025021229,374,20252026,2026-04-06,shot_attempt_facts_v1,shot-on-goal,saved_shot,true,true,true,false,14,7,8480426,8480045,,1,REG,p1,1122,,late_period,1551,EV,ev,2,1,-1,trailing_by_1,-30,22,62.97,-159.550,159.550,d_060_plus,a_090_plus,O,offensive,wrist,wrist,false,3,not_rebound,false,not_rush,false,goalie_in_net,giveaway,14,38,"{""previous_team_shot_play_by_play_id"":1174214,""previous_team_shot_seconds_delta"":121,""rush_reason"":""not_rush"",""source"":""shot_attempt_facts_v1""}",2026-07-27 15:06:58,2026-07-27 17:12:07,false,false,
278,1174227,1174226,2025021229,396,20252026,2026-04-06,shot_attempt_facts_v1,blocked-shot,blocked_shot,true,false,false,false,7,14,8480839,,8474151,1,REG,p1,1171,,late_period,1451,PP,pp,2,1,1,leading_by_1,70,-6,19.92,17.526,17.526,d_015_020,a_010_020,D,defensive,,unknown,false,3,not_rebound,false,not_rush,false,goalie_in_net,giveaway,14,3,"{""previous_team_shot_play_by_play_id"":1174217,""previous_team_shot_seconds_delta"":158,""rush_reason"":""not_rush"",""source"":""shot_attempt_facts_v1""}",2026-07-27 15:06:58,2026-07-27 17:12:07,false,false,
279,1174228,1174227,2025021229,501,20252026,2026-04-06,shot_attempt_facts_v1,missed-shot,missed_shot,true,true,false,false,7,14,8482097,8476883,,1,REG,p1,1173,,late_period,1451,PP,pp,2,1,1,leading_by_1,69,17,26.25,-40.365,40.365,d_025_030,a_040_050,O,offensive,snap,snap,true,3,rebound,true,rush_attempt,false,goalie_in_net,blocked-shot,7,2,"{""previous_team_shot_play_by_play_id"":1174227,""previous_team_shot_seconds_delta"":2,""rush_reason"":""direct_transition"",""source"":""shot_attempt_facts_v1""}",2026-07-27 15:06:58,2026-07-27 17:12:07,true,true,1174228
280,1174229,1174228,2025021229,398,20252026,2026-04-06,shot_attempt_facts_v1,shot-on-goal,saved_shot,true,true,true,false,7,14,8475722,8476883,,1,REG,p1,1181,,late_period,1451,PP,pp,2,1,1,leading_by_1,79,-17,19.72,59.534,59.534,d_015_020,a_050_060,O,offensive,tip-in,tip,false,3,not_rebound,false,not_rush,false,goalie_in_net,missed-shot,7,8,"{""previous_team_shot_play_by_play_id"":1174228,""previous_team_shot_seconds_delta"":8,""rush_reason"":""not_rush"",""source"":""shot_attempt_facts_v1""}",2026-07-27 15:06:58,2026-07-27 17:12:07,false,false,
281,1174230,1174229,2025021229,399,20252026,2026-04-06,shot_attempt_facts_v1,blocked-shot,blocked_shot,true,false,false,false,7,14,8479420,,8478416,1,REG,p1,1198,,late_period,1451,PP,pp,2,1,1,leading_by_1,80,10,13.45,-48.013,48.013,d_010_015,a_040_050,D,defensive,,unknown,false,3,not_rebound,false,not_rush,false,goalie_in_net,shot-on-goal,7,17,"{""previous_team_shot_play_by_play_id"":1174229,""previous_team_shot_seconds_delta"":17,""rush_reason"":""not_rush"",""source"":""shot_attempt_facts_v1""}",2026-07-27 15:06:58,2026-07-27 17:12:07,false,false,
282,1174234,1174233,2025021229,456,20252026,2026-04-06,shot_attempt_facts_v1,shot-on-goal,saved_shot,true,true,true,false,7,14,8482097,8476883,,2,REG,p2,1216,,early_period,1451,PP,pp,2,1,1,leading_by_1,-74,-18,23.43,129.806,129.806,d_020_025,a_090_plus,O,offensive,snap,snap,false,3,not_rebound,false,not_rush,false,goalie_in_net,faceoff,7,16,"{""previous_team_shot_play_by_play_id"":1174230,""previous_team_shot_seconds_delta"":18,""rush_reason"":""not_rush"",""source"":""shot_attempt_facts_v1""}",2026-07-27 15:06:58,2026-07-27 17:12:07,false,false,
283,1174235,1174234,2025021229,457,20252026,2026-04-06,shot_attempt_facts_v1,blocked-shot,blocked_shot,true,false,false,false,7,14,8479420,,8478416,2,REG,p2,1223,,early_period,1451,PP,pp,2,1,1,leading_by_1,-71,-18,25.46,135.000,135.000,d_025_030,a_090_plus,D,defensive,,unknown,false,3,not_rebound,false,not_rush,false,goalie_in_net,shot-on-goal,7,7,"{""previous_team_shot_play_by_play_id"":1174234,""previous_team_shot_seconds_delta"":7,""rush_reason"":""not_rush"",""source"":""shot_attempt_facts_v1""}",2026-07-27 15:06:58,2026-07-27 17:12:07,false,false,
284,1174236,1174235,2025021229,458,20252026,2026-04-06,shot_attempt_facts_v1,shot-on-goal,saved_shot,true,true,true,false,7,14,8482097,8476883,,2,REG,p2,1236,,early_period,1451,PP,pp,2,1,1,leading_by_1,-62,-12,29.55,156.038,156.038,d_025_030,a_090_plus,O,offensive,wrist,wrist,false,3,not_rebound,false,not_rush,false,goalie_in_net,blocked-shot,7,13,"{""previous_team_shot_play_by_play_id"":1174235,""previous_team_shot_seconds_delta"":13,""rush_reason"":""not_rush"",""source"":""shot_attempt_facts_v1""}",2026-07-27 15:06:58,2026-07-27 17:12:07,false,false,
285,1174237,1174236,2025021229,470,20252026,2026-04-06,shot_attempt_facts_v1,shot-on-goal,saved_shot,true,true,true,false,7,14,8484145,8476883,,2,REG,p2,1296,,early_period,1551,EV,ev,2,1,1,leading_by_1,-60,-14,32.20,154.231,154.231,d_030_035,a_090_plus,O,offensive,snap,snap,false,3,not_rebound,false,not_rush,false,goalie_in_net,shot-on-goal,7,60,"{""previous_team_shot_play_by_play_id"":1174236,""previous_team_shot_seconds_delta"":60,""rush_reason"":""not_rush"",""source"":""shot_attempt_facts_v1""}",2026-07-27 15:06:58,2026-07-27 17:12:07,false,false,
286,1174241,1174240,2025021229,479,20252026,2026-04-06,shot_attempt_facts_v1,missed-shot,missed_shot,true,true,false,false,7,14,8482623,8476883,,2,REG,p2,1343,,early_period,1551,EV,ev,2,1,1,leading_by_1,-31,28,64.40,-154.231,154.231,d_060_plus,a_090_plus,O,offensive,wrist,wrist,false,3,not_rebound,false,not_rush,false,goalie_in_net,hit,7,2,"{""previous_team_shot_play_by_play_id"":1174237,""previous_team_shot_seconds_delta"":47,""rush_reason"":""not_rush"",""source"":""shot_attempt_facts_v1""}",2026-07-27 15:06:58,2026-07-27 17:12:07,false,false,
287,1174243,1174242,2025021229,481,20252026,2026-04-06,shot_attempt_facts_v1,shot-on-goal,saved_shot,true,true,true,false,14,7,8477404,8480045,,2,REG,p2,1366,,early_period,1551,EV,ev,2,1,-1,trailing_by_1,72,14,22.02,-39.472,39.472,d_020_025,a_030_040,O,offensive,snap,snap,false,3,not_rebound,false,not_rush,false,goalie_in_net,giveaway,14,12,"{""previous_team_shot_play_by_play_id"":1174220,""previous_team_shot_seconds_delta"":244,""rush_reason"":""not_rush"",""source"":""shot_attempt_facts_v1""}",2026-07-27 15:06:58,2026-07-27 17:12:07,false,false,
288,1174246,1174245,2025021229,488,20252026,2026-04-06,shot_attempt_facts_v1,shot-on-goal,saved_shot,true,true,true,false,14,7,8478416,8480045,,2,REG,p2,1371,,early_period,1551,EV,ev,2,1,-1,trailing_by_1,49,-32,51.22,38.660,38.660,d_050_055,a_030_040,O,offensive,snap,snap,false,3,not_rebound,false,not_rush,false,goalie_in_net,faceoff,14,3,"{""previous_team_shot_play_by_play_id"":1174243,""previous_team_shot_seconds_delta"":5,""rush_reason"":""not_rush"",""source"":""shot_attempt_facts_v1""}",2026-07-27 15:06:58,2026-07-27 17:12:07,false,false,
289,1174248,1174247,2025021229,491,20252026,2026-04-06,shot_attempt_facts_v1,shot-on-goal,saved_shot,true,true,true,false,7,14,8484145,8476883,,2,REG,p2,1397,,early_period,1551,EV,ev,2,1,1,leading_by_1,-79,-4,10.77,158.199,158.199,d_010_015,a_090_plus,O,offensive,snap,snap,false,3,not_rebound,true,rush_attempt,false,goalie_in_net,hit,14,4,"{""previous_team_shot_play_by_play_id"":1174241,""previous_team_shot_seconds_delta"":54,""rush_reason"":""direct_transition"",""source"":""shot_attempt_facts_v1""}",2026-07-27 15:06:58,2026-07-27 17:12:07,true,true,1174248
290,1174251,1174250,2025021229,497,20252026,2026-04-06,shot_attempt_facts_v1,shot-on-goal,saved_shot,true,true,true,false,7,14,8479378,8476883,,2,REG,p2,1400,,early_period,1551,EV,ev,2,1,1,leading_by_1,-31,-20,61.35,160.974,160.974,d_060_plus,a_090_plus,O,offensive,wrist,wrist,true,3,rebound,true,rush_rebound,false,goalie_in_net,faceoff,7,1,"{""previous_team_shot_play_by_play_id"":1174248,""previous_team_shot_seconds_delta"":3,""rush_reason"":""rebound_from_rush_attempt"",""source"":""shot_attempt_facts_v1""}",2026-07-27 15:06:58,2026-07-27 17:12:07,false,true,1174248
291,1174257,1174256,2025021229,553,20252026,2026-04-06,shot_attempt_facts_v1,goal,goal,true,true,true,true,14,7,8477404,8480045,,2,REG,p2,1436,,early_period,1551,EV,ev,2,1,-1,trailing_by_1,57,11,33.84,-18.970,18.970,d_030_035,a_010_020,O,offensive,wrist,wrist,false,3,not_rebound,true,rush_attempt,false,goalie_in_net,giveaway,7,7,"{""previous_team_shot_play_by_play_id"":1174246,""previous_team_shot_seconds_delta"":65,""rush_reason"":""direct_transition"",""source"":""shot_attempt_facts_v1""}",2026-07-27 15:06:58,2026-07-27 17:12:07,true,true,1174257
292,1174264,1174263,2025021229,575,20252026,2026-04-06,shot_attempt_facts_v1,missed-shot,missed_shot,true,true,false,false,7,14,8477949,8476883,,2,REG,p2,1540,,early_period,1541,PK,pk,2,2,0,tied,-73,6,17.09,-159.444,159.444,d_015_020,a_090_plus,O,offensive,wrist,wrist,false,3,not_rebound,true,rush_attempt,false,goalie_in_net,giveaway,14,2,"{""previous_team_shot_play_by_play_id"":1174251,""previous_team_shot_seconds_delta"":140,""rush_reason"":""direct_transition"",""source"":""shot_attempt_facts_v1""}",2026-07-27 15:06:58,2026-07-27 17:12:07,true,true,1174264
293,1174265,1174264,2025021229,577,20252026,2026-04-06,shot_attempt_facts_v1,shot-on-goal,saved_shot,true,true,true,false,7,14,8477949,8476883,,2,REG,p2,1545,,early_period,1541,PK,pk,2,2,0,tied,-62,-1,27.02,177.879,177.879,d_025_030,a_090_plus,O,offensive,wrist,wrist,false,3,not_rebound,false,not_rush,false,goalie_in_net,missed-shot,7,5,"{""previous_team_shot_play_by_play_id"":1174264,""previous_team_shot_seconds_delta"":5,""rush_reason"":""not_rush"",""source"":""shot_attempt_facts_v1""}",2026-07-27 15:06:58,2026-07-27 17:12:07,false,false,
294,1174266,1174265,2025021229,503,20252026,2026-04-06,shot_attempt_facts_v1,shot-on-goal,saved_shot,true,true,true,false,7,14,8477949,8476883,,2,REG,p2,1546,,early_period,1541,PK,pk,2,2,0,tied,-79,4,10.77,-158.199,158.199,d_010_015,a_090_plus,O,offensive,wrist,wrist,true,3,rebound,false,not_rush,false,goalie_in_net,shot-on-goal,7,1,"{""previous_team_shot_play_by_play_id"":1174265,""previous_team_shot_seconds_delta"":1,""rush_reason"":""not_rush"",""source"":""shot_attempt_facts_v1""}",2026-07-27 15:06:58,2026-07-27 17:12:07,false,false,
295,1174269,1174268,2025021229,586,20252026,2026-04-06,shot_attempt_facts_v1,shot-on-goal,saved_shot,true,true,true,false,14,7,8478010,8480045,,2,REG,p2,1573,,early_period,1551,EV,ev,2,2,0,tied,81,-1,8.06,7.125,7.125,d_005_010,a_000_010,O,offensive,tip-in,tip,false,3,not_rebound,false,not_rush,false,goalie_in_net,faceoff,14,25,"{""previous_team_shot_play_by_play_id"":1174257,""previous_team_shot_seconds_delta"":137,""rush_reason"":""not_rush"",""source"":""shot_attempt_facts_v1""}",2026-07-27 15:06:58,2026-07-27 17:12:07,false,false,
296,1174273,1174272,2025021229,592,20252026,2026-04-06,shot_attempt_facts_v1,shot-on-goal,saved_shot,true,true,true,false,14,7,8477426,8480045,,2,REG,p2,1604,,middle_period,1551,EV,ev,2,2,0,tied,64,-30,39.05,50.194,50.194,d_035_040,a_050_060,O,offensive,backhand,backhand,false,3,not_rebound,true,rush_attempt,false,goalie_in_net,giveaway,7,4,"{""previous_team_shot_play_by_play_id"":1174269,""previous_team_shot_seconds_delta"":31,""rush_reason"":""direct_transition"",""source"":""shot_attempt_facts_v1""}",2026-07-27 15:06:58,2026-07-27 17:12:07,true,true,1174273
297,1174274,1174273,2025021229,595,20252026,2026-04-06,shot_attempt_facts_v1,shot-on-goal,saved_shot,true,true,true,false,7,14,8477949,8476883,,2,REG,p2,1612,,middle_period,1551,EV,ev,2,2,0,tied,-76,13,18.38,-135.000,135.000,d_015_020,a_090_plus,O,offensive,wrist,wrist,false,3,not_rebound,false,not_rush,false,goalie_in_net,shot-on-goal,14,8,"{""previous_team_shot_play_by_play_id"":1174266,""previous_team_shot_seconds_delta"":66,""rush_reason"":""not_rush"",""source"":""shot_attempt_facts_v1""}",2026-07-27 15:06:58,2026-07-27 17:12:07,false,false,
298,1174278,1174277,2025021229,608,20252026,2026-04-06,shot_attempt_facts_v1,goal,goal,true,true,true,true,7,14,8475722,8476883,,2,REG,p2,1658,,middle_period,1551,EV,ev,2,2,0,tied,-78,3,11.40,-164.745,164.745,d_010_015,a_090_plus,O,offensive,tip-in,tip,false,3,not_rebound,false,not_rush,false,goalie_in_net,faceoff,7,9,"{""previous_team_shot_play_by_play_id"":1174274,""previous_team_shot_seconds_delta"":46,""rush_reason"":""not_rush"",""source"":""shot_attempt_facts_v1""}",2026-07-27 15:06:58,2026-07-27 17:12:07,false,false,
299,1174280,1174279,2025021229,615,20252026,2026-04-06,shot_attempt_facts_v1,blocked-shot,blocked_shot,true,false,false,false,7,14,8482659,,8482929,2,REG,p2,1680,,middle_period,1551,EV,ev,3,2,1,leading_by_1,-70,5,19.65,-165.256,165.256,d_015_020,a_090_plus,D,defensive,,unknown,false,3,not_rebound,false,not_rush,false,goalie_in_net,faceoff,14,22,"{""previous_team_shot_play_by_play_id"":1174278,""previous_team_shot_seconds_delta"":22,""rush_reason"":""not_rush"",""source"":""shot_attempt_facts_v1""}",2026-07-27 15:06:58,2026-07-27 17:12:07,false,false,
300,1174282,1174281,2025021229,616,20252026,2026-04-06,shot_attempt_facts_v1,missed-shot,missed_shot,true,true,false,false,14,7,8482201,8480045,,2,REG,p2,1699,,middle_period,1551,EV,ev,3,2,-1,trailing_by_1,76,9,15.81,-34.695,34.695,d_015_020,a_030_040,O,offensive,deflected,deflection,false,3,not_rebound,false,not_rush,false,goalie_in_net,hit,14,9,"{""previous_team_shot_play_by_play_id"":1174273,""previous_team_shot_seconds_delta"":95,""rush_reason"":""not_rush"",""source"":""shot_attempt_facts_v1""}",2026-07-27 15:06:58,2026-07-27 17:12:07,false,false,
301,1174287,1174286,2025021229,635,20252026,2026-04-06,shot_attempt_facts_v1,shot-on-goal,saved_shot,true,true,true,false,7,14,8481524,8476883,,2,REG,p2,1767,,middle_period,1551,EV,ev,3,2,1,leading_by_1,4,-39,100.85,157.249,157.249,d_060_plus,a_090_plus,N,neutral,wrist,wrist,false,3,not_rebound,false,not_rush,false,goalie_in_net,faceoff,7,34,"{""previous_team_shot_play_by_play_id"":1174280,""previous_team_shot_seconds_delta"":87,""rush_reason"":""not_rush"",""source"":""shot_attempt_facts_v1""}",2026-07-27 15:06:58,2026-07-27 17:12:07,false,false,
302,1174297,1174296,2025021229,656,20252026,2026-04-06,shot_attempt_facts_v1,shot-on-goal,saved_shot,true,true,true,false,7,14,8482097,8476883,,2,REG,p2,1889,,middle_period,1451,PP,pp,3,2,1,leading_by_1,-65,-23,33.24,136.219,136.219,d_030_035,a_090_plus,O,offensive,wrist,wrist,false,3,not_rebound,false,not_rush,false,goalie_in_net,takeaway,7,25,"{""previous_team_shot_play_by_play_id"":1174287,""previous_team_shot_seconds_delta"":122,""rush_reason"":""not_rush"",""source"":""shot_attempt_facts_v1""}",2026-07-27 15:06:58,2026-07-27 17:12:07,false,false,
303,1174301,1174300,2025021229,677,20252026,2026-04-06,shot_attempt_facts_v1,shot-on-goal,saved_shot,true,true,true,false,7,14,8482623,8476883,,2,REG,p2,1998,,middle_period,1551,EV,ev,3,2,1,leading_by_1,-86,-6,6.71,116.565,116.565,d_005_010,a_090_plus,O,offensive,backhand,backhand,false,3,not_rebound,false,not_rush,false,goalie_in_net,giveaway,14,39,"{""previous_team_shot_play_by_play_id"":1174297,""previous_team_shot_seconds_delta"":109,""rush_reason"":""not_rush"",""source"":""shot_attempt_facts_v1""}",2026-07-27 15:06:58,2026-07-27 17:12:07,false,false,
304,1174304,1174303,2025021229,504,20252026,2026-04-06,shot_attempt_facts_v1,missed-shot,missed_shot,true,true,false,false,7,14,8479420,8476883,,2,REG,p2,2004,,late_period,1551,EV,ev,3,2,1,leading_by_1,-43,10,47.07,-167.735,167.735,d_045_050,a_090_plus,O,offensive,snap,snap,false,3,not_rebound,false,not_rush,false,goalie_in_net,faceoff,7,4,"{""previous_team_shot_play_by_play_id"":1174301,""previous_team_shot_seconds_delta"":6,""rush_reason"":""not_rush"",""source"":""shot_attempt_facts_v1""}",2026-07-27 15:06:58,2026-07-27 17:12:07,false,false,
305,1174311,1174310,2025021229,698,20252026,2026-04-06,shot_attempt_facts_v1,shot-on-goal,saved_shot,true,true,true,false,14,7,8477404,8480045,,2,REG,p2,2068,,late_period,1551,EV,ev,3,2,-1,trailing_by_1,72,1,17.03,-3.366,3.366,d_015_020,a_000_010,O,offensive,tip-in,tip,false,3,not_rebound,false,not_rush,false,goalie_in_net,faceoff,14,12,"{""previous_team_shot_play_by_play_id"":1174282,""previous_team_shot_seconds_delta"":369,""rush_reason"":""not_rush"",""source"":""shot_attempt_facts_v1""}",2026-07-27 15:06:58,2026-07-27 17:12:07,false,false,
306,1174313,1174312,2025021229,699,20252026,2026-04-06,shot_attempt_facts_v1,missed-shot,missed_shot,true,true,false,false,7,14,8484145,8476883,,2,REG,p2,2081,,late_period,1551,EV,ev,3,2,1,leading_by_1,-73,-23,28.02,124.824,124.824,d_025_030,a_090_plus,O,offensive,slap,slap,false,3,not_rebound,true,rush_attempt,false,goalie_in_net,hit,7,7,"{""previous_team_shot_play_by_play_id"":1174304,""previous_team_shot_seconds_delta"":77,""rush_reason"":""direct_transition"",""source"":""shot_attempt_facts_v1""}",2026-07-27 15:06:58,2026-07-27 17:12:07,true,true,1174313
307,1174314,1174313,2025021229,751,20252026,2026-04-06,shot_attempt_facts_v1,shot-on-goal,saved_shot,true,true,true,false,7,14,8482671,8476883,,2,REG,p2,2104,,late_period,1551,EV,ev,3,2,1,leading_by_1,-56,-32,45.97,135.881,135.881,d_045_050,a_090_plus,O,offensive,wrist,wrist,false,3,not_rebound,false,not_rush,false,goalie_in_net,missed-shot,7,23,"{""previous_team_shot_play_by_play_id"":1174313,""previous_team_shot_seconds_delta"":23,""rush_reason"":""not_rush"",""source"":""shot_attempt_facts_v1""}",2026-07-27 15:06:58,2026-07-27 17:12:07,false,false,
308,1174316,1174315,2025021229,759,20252026,2026-04-06,shot_attempt_facts_v1,shot-on-goal,saved_shot,true,true,true,false,14,7,8482655,8480045,,2,REG,p2,2138,,late_period,1551,EV,ev,3,2,-1,trailing_by_1,31,20,61.35,-19.026,19.026,d_060_plus,a_010_020,O,offensive,slap,slap,false,3,not_rebound,false,not_rush,false,goalie_in_net,giveaway,14,11,"{""previous_team_shot_play_by_play_id"":1174311,""previous_team_shot_seconds_delta"":70,""rush_reason"":""not_rush"",""source"":""shot_attempt_facts_v1""}",2026-07-27 15:06:58,2026-07-27 17:12:07,false,false,
309,1174319,1174318,2025021229,765,20252026,2026-04-06,shot_attempt_facts_v1,shot-on-goal,saved_shot,true,true,true,false,14,7,8482655,8480045,,2,REG,p2,2144,,late_period,1551,EV,ev,3,2,-1,trailing_by_1,52,1,37.01,-1.548,1.548,d_035_040,a_000_010,O,offensive,slap,slap,false,3,not_rebound,false,not_rush,false,goalie_in_net,faceoff,14,4,"{""previous_team_shot_play_by_play_id"":1174316,""previous_team_shot_seconds_delta"":6,""rush_reason"":""not_rush"",""source"":""shot_attempt_facts_v1""}",2026-07-27 15:06:58,2026-07-27 17:12:07,false,false,
310,1174320,1174319,2025021229,766,20252026,2026-04-06,shot_attempt_facts_v1,blocked-shot,blocked_shot,true,false,false,false,14,7,8482655,,8482201,2,REG,p2,2161,,late_period,1551,EV,ev,3,2,-1,trailing_by_1,85,5,6.40,-51.340,51.340,d_005_010,a_050_060,D,defensive,,unknown,false,3,not_rebound,false,not_rush,false,goalie_in_net,shot-on-goal,14,17,"{""previous_team_shot_play_by_play_id"":1174319,""previous_team_shot_seconds_delta"":17,""rush_reason"":""not_rush"",""source"":""shot_attempt_facts_v1""}",2026-07-27 15:06:58,2026-07-27 17:12:07,false,false,
311,1174321,1174320,2025021229,768,20252026,2026-04-06,shot_attempt_facts_v1,missed-shot,missed_shot,true,true,false,false,14,7,8474151,8480045,,2,REG,p2,2182,,late_period,1551,EV,ev,3,2,-1,trailing_by_1,39,11,51.20,-12.407,12.407,d_050_055,a_010_020,O,offensive,snap,snap,false,3,not_rebound,false,not_rush,false,goalie_in_net,blocked-shot,14,21,"{""previous_team_shot_play_by_play_id"":1174320,""previous_team_shot_seconds_delta"":21,""rush_reason"":""not_rush"",""source"":""shot_attempt_facts_v1""}",2026-07-27 15:06:58,2026-07-27 17:12:07,false,false,
312,1174322,1174321,2025021229,769,20252026,2026-04-06,shot_attempt_facts_v1,missed-shot,missed_shot,true,true,false,false,14,7,8478178,8480045,,2,REG,p2,2187,,late_period,1551,EV,ev,3,2,-1,trailing_by_1,33,-32,64.50,29.745,29.745,d_060_plus,a_020_030,O,offensive,snap,snap,false,3,not_rebound,false,not_rush,false,goalie_in_net,missed-shot,14,5,"{""previous_team_shot_play_by_play_id"":1174321,""previous_team_shot_seconds_delta"":5,""rush_reason"":""not_rush"",""source"":""shot_attempt_facts_v1""}",2026-07-27 15:06:58,2026-07-27 17:12:07,false,false,
313,1174326,1174325,2025021229,153,20252026,2026-04-06,shot_attempt_facts_v1,blocked-shot,blocked_shot,true,false,false,false,14,7,8476453,,8479359,2,REG,p2,2195,,late_period,1541,PP,pp,3,2,-1,trailing_by_1,63,10,27.86,-21.038,21.038,d_025_030,a_020_030,D,defensive,,unknown,false,3,not_rebound,false,not_rush,false,goalie_in_net,faceoff,14,3,"{""previous_team_shot_play_by_play_id"":1174322,""previous_team_shot_seconds_delta"":8,""rush_reason"":""not_rush"",""source"":""shot_attempt_facts_v1""}",2026-07-27 15:06:58,2026-07-27 17:12:07,false,false,
314,1174327,1174326,2025021229,778,20252026,2026-04-06,shot_attempt_facts_v1,missed-shot,missed_shot,true,true,false,false,14,7,8478178,8480045,,2,REG,p2,2215,,late_period,1541,PP,pp,3,2,-1,trailing_by_1,42,-6,47.38,7.275,7.275,d_045_050,a_000_010,O,offensive,snap,snap,false,3,not_rebound,false,not_rush,false,goalie_in_net,blocked-shot,14,20,"{""previous_team_shot_play_by_play_id"":1174326,""previous_team_shot_seconds_delta"":20,""rush_reason"":""not_rush"",""source"":""shot_attempt_facts_v1""}",2026-07-27 15:06:58,2026-07-27 17:12:07,false,false,
315,1174330,1174329,2025021229,785,20252026,2026-04-06,shot_attempt_facts_v1,blocked-shot,blocked_shot,true,false,false,false,14,7,8476453,,8479378,2,REG,p2,2263,,late_period,1541,PP,pp,3,2,-1,trailing_by_1,66,-14,26.93,31.329,31.329,d_025_030,a_030_040,D,defensive,,unknown,false,3,not_rebound,false,not_rush,false,goalie_in_net,hit,7,27,"{""previous_team_shot_play_by_play_id"":1174327,""previous_team_shot_seconds_delta"":48,""rush_reason"":""not_rush"",""source"":""shot_attempt_facts_v1""}",2026-07-27 15:06:58,2026-07-27 17:12:07,false,false,
316,1174331,1174330,2025021229,786,20252026,2026-04-06,shot_attempt_facts_v1,shot-on-goal,saved_shot,true,true,true,false,7,14,8484145,8476883,,2,REG,p2,2283,,late_period,1541,PK,pk,3,2,1,leading_by_1,-50,-6,39.46,171.254,171.254,d_035_040,a_090_plus,O,offensive,wrist,wrist,false,3,not_rebound,false,not_rush,false,goalie_in_net,blocked-shot,14,20,"{""previous_team_shot_play_by_play_id"":1174314,""previous_team_shot_seconds_delta"":179,""rush_reason"":""not_rush"",""source"":""shot_attempt_facts_v1""}",2026-07-27 15:06:58,2026-07-27 17:12:07,false,false,
317,1174340,1174339,2025021229,812,20252026,2026-04-06,shot_attempt_facts_v1,missed-shot,missed_shot,true,true,false,false,14,7,8476453,8480045,,2,REG,p2,2396,,late_period,1551,EV,ev,3,2,-1,trailing_by_1,64,0,25.00,0.000,0.000,d_025_030,a_000_010,O,offensive,tip-in,tip,false,3,not_rebound,false,not_rush,false,goalie_in_net,hit,7,8,"{""previous_team_shot_play_by_play_id"":1174330,""previous_team_shot_seconds_delta"":133,""rush_reason"":""not_rush"",""source"":""shot_attempt_facts_v1""}",2026-07-27 15:06:58,2026-07-27 17:12:07,false,false,
318,1174341,1174340,2025021229,154,20252026,2026-04-06,shot_attempt_facts_v1,missed-shot,missed_shot,true,true,false,false,14,7,8476453,8480045,,2,REG,p2,2397,,late_period,1551,EV,ev,3,2,-1,trailing_by_1,79,8,12.81,-38.660,38.660,d_010_015,a_030_040,O,offensive,wrist,wrist,true,3,rebound,false,not_rush,false,goalie_in_net,missed-shot,14,1,"{""previous_team_shot_play_by_play_id"":1174340,""previous_team_shot_seconds_delta"":1,""rush_reason"":""not_rush"",""source"":""shot_attempt_facts_v1""}",2026-07-27 15:06:58,2026-07-27 17:12:07,false,false,
319,1174347,1174346,2025021229,824,20252026,2026-04-06,shot_attempt_facts_v1,blocked-shot,blocked_shot,true,false,false,false,7,14,8480807,,8480995,3,REG,p3,2438,,early_period,1551,EV,ev,3,2,1,leading_by_1,34,-6,55.33,6.226,6.226,d_055_060,a_000_010,D,defensive,,unknown,false,3,not_rebound,false,not_rush,false,goalie_in_net,hit,14,8,"{""previous_team_shot_play_by_play_id"":1174331,""previous_team_shot_seconds_delta"":155,""rush_reason"":""not_rush"",""source"":""shot_attempt_facts_v1""}",2026-07-27 15:06:58,2026-07-27 17:12:07,false,false,
320,1174348,1174347,2025021229,825,20252026,2026-04-06,shot_attempt_facts_v1,missed-shot,missed_shot,true,true,false,false,7,14,8480807,8476883,,3,REG,p3,2445,,early_period,1551,EV,ev,3,2,1,leading_by_1,27,5,62.20,-4.611,4.611,d_060_plus,a_000_010,O,offensive,slap,slap,false,3,not_rebound,true,rush_attempt,false,goalie_in_net,blocked-shot,7,7,"{""previous_team_shot_play_by_play_id"":1174347,""previous_team_shot_seconds_delta"":7,""rush_reason"":""direct_transition"",""source"":""shot_attempt_facts_v1""}",2026-07-27 15:06:58,2026-07-27 17:12:07,true,true,1174348
321,1174350,1174349,2025021229,833,20252026,2026-04-06,shot_attempt_facts_v1,missed-shot,missed_shot,true,true,false,false,7,14,8482659,8476883,,3,REG,p3,2470,,early_period,1551,EV,ev,3,2,1,leading_by_1,71,-40,43.86,65.772,65.772,d_040_045,a_060_070,O,offensive,wrist,wrist,false,3,not_rebound,true,rush_attempt,false,goalie_in_net,giveaway,14,7,"{""previous_team_shot_play_by_play_id"":1174348,""previous_team_shot_seconds_delta"":25,""rush_reason"":""direct_transition"",""source"":""shot_attempt_facts_v1""}",2026-07-27 15:06:58,2026-07-27 17:12:07,true,true,1174350
322,1174351,1174350,2025021229,836,20252026,2026-04-06,shot_attempt_facts_v1,missed-shot,missed_shot,true,true,false,false,14,7,8476453,8480045,,3,REG,p3,2484,,early_period,1551,EV,ev,3,2,-1,trailing_by_1,-59,-13,32.70,156.571,156.571,d_030_035,a_090_plus,O,offensive,wrist,wrist,false,3,not_rebound,false,not_rush,false,goalie_in_net,missed-shot,7,14,"{""previous_team_shot_play_by_play_id"":1174341,""previous_team_shot_seconds_delta"":87,""rush_reason"":""not_rush"",""source"":""shot_attempt_facts_v1""}",2026-07-27 15:06:58,2026-07-27 17:12:07,false,false,
323,1174354,1174353,2025021229,840,20252026,2026-04-06,shot_attempt_facts_v1,missed-shot,missed_shot,true,true,false,false,14,7,8482201,8480045,,3,REG,p3,2493,,early_period,1551,EV,ev,3,2,-1,trailing_by_1,-79,-3,10.44,163.301,163.301,d_010_015,a_090_plus,O,offensive,tip-in,tip,false,3,not_rebound,false,not_rush,false,goalie_in_net,faceoff,7,4,"{""previous_team_shot_play_by_play_id"":1174351,""previous_team_shot_seconds_delta"":9,""rush_reason"":""not_rush"",""source"":""shot_attempt_facts_v1""}",2026-07-27 15:06:58,2026-07-27 17:12:07,false,false,
324,1174355,1174354,2025021229,841,20252026,2026-04-06,shot_attempt_facts_v1,missed-shot,missed_shot,true,true,false,false,7,14,8482659,8476883,,3,REG,p3,2505,,early_period,1551,EV,ev,3,2,1,leading_by_1,63,-17,31.06,33.179,33.179,d_030_035,a_030_040,O,offensive,wrist,wrist,false,3,not_rebound,false,not_rush,false,goalie_in_net,missed-shot,14,12,"{""previous_team_shot_play_by_play_id"":1174350,""previous_team_shot_seconds_delta"":35,""rush_reason"":""not_rush"",""source"":""shot_attempt_facts_v1""}",2026-07-27 15:06:58,2026-07-27 17:12:07,false,false,
325,1174356,1174355,2025021229,843,20252026,2026-04-06,shot_attempt_facts_v1,missed-shot,missed_shot,true,true,false,false,7,14,8480807,8476883,,3,REG,p3,2511,,early_period,1551,EV,ev,3,2,1,leading_by_1,50,40,55.87,-45.725,45.725,d_055_060,a_040_050,O,offensive,snap,snap,false,3,not_rebound,false,not_rush,false,goalie_in_net,missed-shot,7,6,"{""previous_team_shot_play_by_play_id"":1174355,""previous_team_shot_seconds_delta"":6,""rush_reason"":""not_rush"",""source"":""shot_attempt_facts_v1""}",2026-07-27 15:06:58,2026-07-27 17:12:07,false,false,
326,1174357,1174356,2025021229,854,20252026,2026-04-06,shot_attempt_facts_v1,blocked-shot,blocked_shot,true,false,false,false,14,7,8478416,,8481522,3,REG,p3,2549,,early_period,1551,EV,ev,3,2,-1,trailing_by_1,-49,16,43.08,-158.199,158.199,d_040_045,a_090_plus,D,defensive,,unknown,false,3,not_rebound,false,not_rush,false,goalie_in_net,missed-shot,7,38,"{""previous_team_shot_play_by_play_id"":1174354,""previous_team_shot_seconds_delta"":56,""rush_reason"":""not_rush"",""source"":""shot_attempt_facts_v1""}",2026-07-27 15:06:58,2026-07-27 17:12:07,false,false,
327,1174360,1174359,2025021229,858,20252026,2026-04-06,shot_attempt_facts_v1,blocked-shot,blocked_shot,true,false,false,false,14,7,8478416,,8482623,3,REG,p3,2553,,early_period,1551,EV,ev,3,2,-1,trailing_by_1,-69,11,22.83,-151.189,151.189,d_020_025,a_090_plus,D,defensive,,unknown,false,3,not_rebound,false,not_rush,false,goalie_in_net,faceoff,14,1,"{""previous_team_shot_play_by_play_id"":1174357,""previous_team_shot_seconds_delta"":4,""rush_reason"":""not_rush"",""source"":""shot_attempt_facts_v1""}",2026-07-27 15:06:58,2026-07-27 17:12:07,false,false,
328,1174362,1174361,2025021229,860,20252026,2026-04-06,shot_attempt_facts_v1,missed-shot,missed_shot,true,true,false,false,14,7,8478416,8480045,,3,REG,p3,2580,,early_period,1551,EV,ev,3,2,-1,trailing_by_1,-45,20,48.33,-155.556,155.556,d_045_050,a_090_plus,O,offensive,snap,snap,false,3,not_rebound,false,not_rush,false,goalie_in_net,hit,7,18,"{""previous_team_shot_play_by_play_id"":1174360,""previous_team_shot_seconds_delta"":27,""rush_reason"":""not_rush"",""source"":""shot_attempt_facts_v1""}",2026-07-27 15:06:58,2026-07-27 17:12:07,false,false,
329,1174363,1174362,2025021229,861,20252026,2026-04-06,shot_attempt_facts_v1,blocked-shot,blocked_shot,true,false,false,false,14,7,8477426,,8474568,3,REG,p3,2585,,early_period,1551,EV,ev,3,2,-1,trailing_by_1,-78,-10,14.87,137.726,137.726,d_010_015,a_090_plus,D,defensive,,unknown,false,3,not_rebound,false,not_rush,false,goalie_in_net,missed-shot,14,5,"{""previous_team_shot_play_by_play_id"":1174362,""previous_team_shot_seconds_delta"":5,""rush_reason"":""not_rush"",""source"":""shot_attempt_facts_v1""}",2026-07-27 15:06:58,2026-07-27 17:12:07,false,false,
330,1174364,1174363,2025021229,862,20252026,2026-04-06,shot_attempt_facts_v1,shot-on-goal,saved_shot,true,true,true,false,14,7,8480426,8480045,,3,REG,p3,2594,,early_period,1551,EV,ev,3,2,-1,trailing_by_1,-35,-30,61.77,150.945,150.945,d_060_plus,a_090_plus,O,offensive,snap,snap,false,3,not_rebound,false,not_rush,false,goalie_in_net,blocked-shot,14,9,"{""previous_team_shot_play_by_play_id"":1174363,""previous_team_shot_seconds_delta"":9,""rush_reason"":""not_rush"",""source"":""shot_attempt_facts_v1""}",2026-07-27 15:06:58,2026-07-27 17:12:07,false,false,
331,1174372,1174371,2025021229,880,20252026,2026-04-06,shot_attempt_facts_v1,shot-on-goal,saved_shot,true,true,true,false,7,14,8480807,8476883,,3,REG,p3,2663,,early_period,1551,EV,ev,3,2,1,leading_by_1,31,12,59.23,-11.689,11.689,d_055_060,a_010_020,O,offensive,slap,slap,false,3,not_rebound,false,not_rush,false,goalie_in_net,faceoff,7,2,"{""previous_team_shot_play_by_play_id"":1174356,""previous_team_shot_seconds_delta"":152,""rush_reason"":""not_rush"",""source"":""shot_attempt_facts_v1""}",2026-07-27 15:06:58,2026-07-27 17:12:07,false,false,
332,1174381,1174380,2025021229,888,20252026,2026-04-06,shot_attempt_facts_v1,shot-on-goal,saved_shot,true,true,true,false,7,14,8477949,8476883,,3,REG,p3,2706,,early_period,1551,EV,ev,3,2,1,leading_by_1,70,-24,30.61,51.633,51.633,d_030_035,a_050_060,O,offensive,wrist,wrist,false,3,not_rebound,true,rush_attempt,false,goalie_in_net,giveaway,14,6,"{""previous_team_shot_play_by_play_id"":1174372,""previous_team_shot_seconds_delta"":43,""rush_reason"":""direct_transition"",""source"":""shot_attempt_facts_v1""}",2026-07-27 15:06:58,2026-07-27 17:12:07,true,true,1174381
333,1174382,1174381,2025021229,909,20252026,2026-04-06,shot_attempt_facts_v1,blocked-shot,blocked_shot,true,false,false,false,14,7,8470621,,8479378,3,REG,p3,2780,,early_period,1551,EV,ev,3,2,-1,trailing_by_1,-67,17,27.80,-142.306,142.306,d_025_030,a_090_plus,D,defensive,,unknown,false,3,not_rebound,false,not_rush,false,goalie_in_net,shot-on-goal,7,74,"{""previous_team_shot_play_by_play_id"":1174364,""previous_team_shot_seconds_delta"":186,""rush_reason"":""not_rush"",""source"":""shot_attempt_facts_v1""}",2026-07-27 15:06:58,2026-07-27 17:12:07,false,false,
334,1174390,1174389,2025021229,940,20252026,2026-04-06,shot_attempt_facts_v1,blocked-shot,blocked_shot,true,false,false,false,14,7,8480426,,8482623,3,REG,p3,2919,,middle_period,1551,EV,ev,3,2,-1,trailing_by_1,-70,-1,19.03,176.987,176.987,d_015_020,a_090_plus,D,defensive,,unknown,false,3,not_rebound,false,not_rush,false,goalie_in_net,faceoff,14,3,"{""previous_team_shot_play_by_play_id"":1174382,""previous_team_shot_seconds_delta"":139,""rush_reason"":""not_rush"",""source"":""shot_attempt_facts_v1""}",2026-07-27 15:06:58,2026-07-27 17:12:07,false,false,
335,1174392,1174391,2025021229,951,20252026,2026-04-06,shot_attempt_facts_v1,shot-on-goal,saved_shot,true,true,true,false,14,7,8477416,8480045,,3,REG,p3,2958,,middle_period,1551,EV,ev,3,2,-1,trailing_by_1,-17,18,74.22,-165.964,165.964,d_060_plus,a_090_plus,N,neutral,snap,snap,false,3,not_rebound,false,not_rush,false,goalie_in_net,hit,7,16,"{""previous_team_shot_play_by_play_id"":1174390,""previous_team_shot_seconds_delta"":39,""rush_reason"":""not_rush"",""source"":""shot_attempt_facts_v1""}",2026-07-27 15:06:58,2026-07-27 17:12:07,false,false,
336,1174399,1174398,2025021229,968,20252026,2026-04-06,shot_attempt_facts_v1,shot-on-goal,saved_shot,true,true,true,false,14,7,8476453,8480045,,3,REG,p3,3019,,middle_period,1551,EV,ev,3,2,-1,trailing_by_1,-56,-25,41.40,142.853,142.853,d_040_045,a_090_plus,O,offensive,snap,snap,false,3,not_rebound,false,not_rush,false,goalie_in_net,faceoff,7,27,"{""previous_team_shot_play_by_play_id"":1174392,""previous_team_shot_seconds_delta"":61,""rush_reason"":""not_rush"",""source"":""shot_attempt_facts_v1""}",2026-07-27 15:06:58,2026-07-27 17:12:07,false,false,
337,1174400,1174399,2025021229,970,20252026,2026-04-06,shot_attempt_facts_v1,missed-shot,missed_shot,true,true,false,false,14,7,8477404,8480045,,3,REG,p3,3036,,middle_period,1551,EV,ev,3,2,-1,trailing_by_1,-81,-4,8.94,153.435,153.435,d_005_010,a_090_plus,O,offensive,tip-in,tip,false,3,not_rebound,false,not_rush,false,goalie_in_net,shot-on-goal,14,17,"{""previous_team_shot_play_by_play_id"":1174399,""previous_team_shot_seconds_delta"":17,""rush_reason"":""not_rush"",""source"":""shot_attempt_facts_v1""}",2026-07-27 15:06:58,2026-07-27 17:12:07,false,false,
338,1174401,1174400,2025021229,155,20252026,2026-04-06,shot_attempt_facts_v1,missed-shot,missed_shot,true,true,false,false,14,7,8478010,8480045,,3,REG,p3,3040,,middle_period,1551,EV,ev,3,2,-1,trailing_by_1,-93,-5,6.40,51.340,51.340,d_005_010,a_050_060,O,offensive,wrist,wrist,false,3,not_rebound,false,not_rush,false,goalie_in_net,missed-shot,14,4,"{""previous_team_shot_play_by_play_id"":1174400,""previous_team_shot_seconds_delta"":4,""rush_reason"":""not_rush"",""source"":""shot_attempt_facts_v1""}",2026-07-27 15:06:58,2026-07-27 17:12:07,false,false,
339,1174407,1174406,2025021229,981,20252026,2026-04-06,shot_attempt_facts_v1,shot-on-goal,saved_shot,true,true,true,false,7,14,8479420,8476883,,3,REG,p3,3059,,middle_period,1441,EV,ev,3,2,1,leading_by_1,82,2,7.28,-15.945,15.945,d_005_010,a_010_020,O,offensive,tip-in,tip,false,3,not_rebound,false,not_rush,false,goalie_in_net,faceoff,14,19,"{""previous_team_shot_play_by_play_id"":1174381,""previous_team_shot_seconds_delta"":353,""rush_reason"":""not_rush"",""source"":""shot_attempt_facts_v1""}",2026-07-27 15:06:58,2026-07-27 17:12:07,false,false,
340,1174408,1174407,2025021229,982,20252026,2026-04-06,shot_attempt_facts_v1,shot-on-goal,saved_shot,true,true,true,false,7,14,8482671,8476883,,3,REG,p3,3081,,middle_period,1441,EV,ev,3,2,1,leading_by_1,43,9,46.87,-11.070,11.070,d_045_050,a_010_020,O,offensive,slap,slap,false,3,not_rebound,false,not_rush,false,goalie_in_net,shot-on-goal,7,22,"{""previous_team_shot_play_by_play_id"":1174407,""previous_team_shot_seconds_delta"":22,""rush_reason"":""not_rush"",""source"":""shot_attempt_facts_v1""}",2026-07-27 15:06:58,2026-07-27 17:12:07,false,false,
341,1174409,1174408,2025021229,989,20252026,2026-04-06,shot_attempt_facts_v1,shot-on-goal,saved_shot,true,true,true,false,14,7,8478178,8480045,,3,REG,p3,3104,,middle_period,1441,EV,ev,3,2,-1,trailing_by_1,-36,6,53.34,-173.541,173.541,d_050_055,a_090_plus,O,offensive,slap,slap,false,3,not_rebound,false,not_rush,false,goalie_in_net,shot-on-goal,7,23,"{""previous_team_shot_play_by_play_id"":1174401,""previous_team_shot_seconds_delta"":64,""rush_reason"":""not_rush"",""source"":""shot_attempt_facts_v1""}",2026-07-27 15:06:58,2026-07-27 17:12:07,false,false,
342,1174415,1174414,2025021229,1007,20252026,2026-04-06,shot_attempt_facts_v1,shot-on-goal,saved_shot,true,true,true,false,14,7,8470621,8480045,,3,REG,p3,3209,,late_period,1551,EV,ev,3,2,-1,trailing_by_1,-67,-19,29.07,139.185,139.185,d_025_030,a_090_plus,O,offensive,slap,slap,false,3,not_rebound,false,not_rush,false,goalie_in_net,hit,14,22,"{""previous_team_shot_play_by_play_id"":1174409,""previous_team_shot_seconds_delta"":105,""rush_reason"":""not_rush"",""source"":""shot_attempt_facts_v1""}",2026-07-27 15:06:58,2026-07-27 17:12:07,false,false,
343,1174417,1174416,2025021229,1016,20252026,2026-04-06,shot_attempt_facts_v1,missed-shot,missed_shot,true,true,false,false,14,7,8476453,8480045,,3,REG,p3,3247,,late_period,1551,EV,ev,3,2,-1,trailing_by_1,-58,17,35.36,-151.260,151.260,d_035_040,a_090_plus,O,offensive,snap,snap,false,3,not_rebound,true,rush_attempt,false,goalie_in_net,hit,7,4,"{""previous_team_shot_play_by_play_id"":1174415,""previous_team_shot_seconds_delta"":38,""rush_reason"":""direct_transition"",""source"":""shot_attempt_facts_v1""}",2026-07-27 15:06:58,2026-07-27 17:12:07,true,true,1174417
344,1174418,1174417,2025021229,1017,20252026,2026-04-06,shot_attempt_facts_v1,shot-on-goal,saved_shot,true,true,true,false,14,7,8478178,8480045,,3,REG,p3,3254,,late_period,1551,EV,ev,3,2,-1,trailing_by_1,-32,-11,58.05,169.077,169.077,d_055_060,a_090_plus,O,offensive,slap,slap,false,3,not_rebound,false,not_rush,false,goalie_in_net,missed-shot,14,7,"{""previous_team_shot_play_by_play_id"":1174417,""previous_team_shot_seconds_delta"":7,""rush_reason"":""not_rush"",""source"":""shot_attempt_facts_v1""}",2026-07-27 15:06:58,2026-07-27 17:12:07,false,false,
345,1174423,1174422,2025021229,156,20252026,2026-04-06,shot_attempt_facts_v1,missed-shot,missed_shot,true,true,false,false,14,7,8482929,8480045,,3,REG,p3,3345,,final_5,1551,EV,ev,3,2,-1,trailing_by_1,-41,-39,61.85,140.906,140.906,d_060_plus,a_090_plus,O,offensive,snap,snap,false,3,not_rebound,true,rush_attempt,false,goalie_in_net,hit,7,5,"{""previous_team_shot_play_by_play_id"":1174418,""previous_team_shot_seconds_delta"":91,""rush_reason"":""direct_transition"",""source"":""shot_attempt_facts_v1""}",2026-07-27 15:06:58,2026-07-27 17:12:07,true,true,1174423
346,1174430,1174429,2025021229,1051,20252026,2026-04-06,shot_attempt_facts_v1,shot-on-goal,saved_shot,true,true,true,false,14,7,8480426,8480045,,3,REG,p3,3390,,final_5,1551,EV,ev,3,2,-1,trailing_by_1,-60,-17,33.62,149.621,149.621,d_030_035,a_090_plus,O,offensive,snap,snap,false,3,not_rebound,false,not_rush,false,goalie_in_net,faceoff,7,32,"{""previous_team_shot_play_by_play_id"":1174423,""previous_team_shot_seconds_delta"":45,""rush_reason"":""not_rush"",""source"":""shot_attempt_facts_v1""}",2026-07-27 15:06:58,2026-07-27 17:12:07,false,false,
347,1174436,1174435,2025021229,1073,20252026,2026-04-06,shot_attempt_facts_v1,shot-on-goal,saved_shot,true,true,true,false,14,7,8477404,8480045,,3,REG,p3,3476,,final_5,1551,EV,ev,3,2,-1,trailing_by_1,-39,-29,57.80,149.886,149.886,d_055_060,a_090_plus,O,offensive,wrist,wrist,false,3,not_rebound,false,not_rush,false,goalie_in_net,giveaway,14,11,"{""previous_team_shot_play_by_play_id"":1174430,""previous_team_shot_seconds_delta"":86,""rush_reason"":""not_rush"",""source"":""shot_attempt_facts_v1""}",2026-07-27 15:06:58,2026-07-27 17:12:07,false,false,
348,1174438,1174437,2025021229,1075,20252026,2026-04-06,shot_attempt_facts_v1,goal,goal,true,true,true,true,7,14,8482097,,,3,REG,p3,3486,,final_5,0651,EV,en,3,2,1,leading_by_1,13,-30,81.71,21.541,21.541,d_060_plus,a_020_030,N,neutral,wrist,wrist,false,3,not_rebound,false,not_rush,true,empty_net,hit,14,5,"{""previous_team_shot_play_by_play_id"":1174408,""previous_team_shot_seconds_delta"":405,""rush_reason"":""empty_net_excluded"",""source"":""shot_attempt_facts_v1""}",2026-07-27 15:06:58,2026-07-27 17:12:07,false,false,
349,1174440,1174439,2025021229,1083,20252026,2026-04-06,shot_attempt_facts_v1,shot-on-goal,saved_shot,true,true,true,false,14,7,8477404,8480045,,3,REG,p3,3497,,final_5,0651,EV,ev,4,2,-2,trailing_by_2_plus,-72,-2,17.12,173.290,173.290,d_015_020,a_090_plus,O,offensive,snap,snap,false,3,not_rebound,false,not_rush,false,goalie_in_net,faceoff,14,11,"{""previous_team_shot_play_by_play_id"":1174436,""previous_team_shot_seconds_delta"":21,""rush_reason"":""not_rush"",""source"":""shot_attempt_facts_v1""}",2026-07-27 15:06:58,2026-07-27 17:12:07,false,false,
350,1174441,1174440,2025021229,1084,20252026,2026-04-06,shot_attempt_facts_v1,blocked-shot,blocked_shot,true,false,false,false,14,7,8480426,,8479359,3,REG,p3,3498,,final_5,0651,EV,ev,4,2,-2,trailing_by_2_plus,-79,-11,14.87,132.274,132.274,d_010_015,a_090_plus,D,defensive,,unknown,true,3,rebound,false,not_rush,false,goalie_in_net,shot-on-goal,14,1,"{""previous_team_shot_play_by_play_id"":1174440,""previous_team_shot_seconds_delta"":1,""rush_reason"":""not_rush"",""source"":""shot_attempt_facts_v1""}",2026-07-27 15:06:58,2026-07-27 17:12:07,false,false,
351,1174443,1174442,2025021229,1092,20252026,2026-04-06,shot_attempt_facts_v1,missed-shot,missed_shot,true,true,false,false,14,7,8477404,8480045,,3,REG,p3,3548,,final_5,0651,EV,ev,4,2,-2,trailing_by_2_plus,-58,-23,38.60,143.427,143.427,d_035_040,a_090_plus,O,offensive,snap,snap,false,3,not_rebound,true,rush_attempt,false,goalie_in_net,giveaway,7,8,"{""previous_team_shot_play_by_play_id"":1174441,""previous_team_shot_seconds_delta"":50,""rush_reason"":""direct_transition"",""source"":""shot_attempt_facts_v1""}",2026-07-27 15:06:58,2026-07-27 17:12:07,true,true,1174443
352,1174444,1174443,2025021229,157,20252026,2026-04-06,shot_attempt_facts_v1,missed-shot,missed_shot,true,true,false,false,14,7,8474151,8480045,,3,REG,p3,3581,,final_5,0651,EV,ev,4,2,-2,trailing_by_2_plus,-47,10,43.17,-166.608,166.608,d_040_045,a_090_plus,O,offensive,slap,slap,false,3,not_rebound,false,not_rush,false,goalie_in_net,missed-shot,14,33,"{""previous_team_shot_play_by_play_id"":1174443,""previous_team_shot_seconds_delta"":33,""rush_reason"":""not_rush"",""source"":""shot_attempt_facts_v1""}",2026-07-27 15:06:58,2026-07-27 17:12:07,false,false,
353,1174445,1174444,2025021229,1102,20252026,2026-04-06,shot_attempt_facts_v1,missed-shot,missed_shot,true,true,false,false,14,7,8477426,8480045,,3,REG,p3,3587,,final_5,0651,EV,ev,4,2,-2,trailing_by_2_plus,-87,-8,8.25,104.036,104.036,d_005_010,a_090_plus,O,offensive,backhand,backhand,false,3,not_rebound,false,not_rush,false,goalie_in_net,missed-shot,14,6,"{""previous_team_shot_play_by_play_id"":1174444,""previous_team_shot_seconds_delta"":6,""rush_reason"":""not_rush"",""source"":""shot_attempt_facts_v1""}",2026-07-27 15:06:58,2026-07-27 17:12:07,false,false,
354,1174451,1174450,2025021230,55,20252026,2026-04-06,shot_attempt_facts_v1,shot-on-goal,saved_shot,true,true,true,false,52,55,8476460,8475831,,1,REG,p1,21,,early_period,1551,EV,ev,0,0,0,tied,-74,29,32.65,-117.350,117.350,d_030_035,a_090_plus,O,offensive,snap,snap,false,3,not_rebound,false,not_rush,false,goalie_in_net,faceoff,52,21,"{""previous_team_shot_play_by_play_id"":null,""previous_team_shot_seconds_delta"":null,""rush_reason"":""not_rush"",""source"":""shot_attempt_facts_v1""}",2026-07-27 15:06:58,2026-07-27 17:12:07,false,false,
355,1174457,1174456,2025021230,70,20252026,2026-04-06,shot_attempt_facts_v1,missed-shot,missed_shot,true,true,false,false,52,55,8477938,8475831,,1,REG,p1,99,,early_period,1551,EV,ev,0,0,0,tied,-31,-20,61.35,160.974,160.974,d_060_plus,a_090_plus,O,offensive,wrist,wrist,false,3,not_rebound,false,not_rush,false,goalie_in_net,hit,52,11,"{""previous_team_shot_play_by_play_id"":1174451,""previous_team_shot_seconds_delta"":78,""rush_reason"":""not_rush"",""source"":""shot_attempt_facts_v1""}",2026-07-27 15:06:58,2026-07-27 17:12:07,false,false,
356,1174460,1174459,2025021230,79,20252026,2026-04-06,shot_attempt_facts_v1,missed-shot,missed_shot,true,true,false,false,52,55,8483471,8475831,,1,REG,p1,126,,early_period,1551,EV,ev,0,0,0,tied,-62,26,37.48,-136.081,136.081,d_035_040,a_090_plus,O,offensive,snap,snap,false,3,not_rebound,false,not_rush,false,goalie_in_net,faceoff,55,25,"{""previous_team_shot_play_by_play_id"":1174457,""previous_team_shot_seconds_delta"":27,""rush_reason"":""not_rush"",""source"":""shot_attempt_facts_v1""}",2026-07-27 15:06:58,2026-07-27 17:12:07,false,false,
357,1174463,1174462,2025021230,98,20252026,2026-04-06,shot_attempt_facts_v1,missed-shot,missed_shot,true,true,false,false,55,52,8480009,8476945,,1,REG,p1,248,,early_period,1551,EV,ev,0,0,0,tied,72,13,21.40,-37.405,37.405,d_020_025,a_030_040,O,offensive,tip-in,tip,false,3,not_rebound,false,not_rush,false,goalie_in_net,takeaway,52,10,"{""previous_team_shot_play_by_play_id"":null,""previous_team_shot_seconds_delta"":null,""rush_reason"":""not_rush"",""source"":""shot_attempt_facts_v1""}",2026-07-27 15:06:58,2026-07-27 17:12:07,false,false,
358,1174464,1174463,2025021230,99,20252026,2026-04-06,shot_attempt_facts_v1,shot-on-goal,saved_shot,true,true,true,false,52,55,8476460,8475831,,1,REG,p1,254,,early_period,1551,EV,ev,0,0,0,tied,-62,-1,27.02,177.879,177.879,d_025_030,a_090_plus,O,offensive,snap,snap,false,3,not_rebound,false,not_rush,false,goalie_in_net,missed-shot,55,6,"{""previous_team_shot_play_by_play_id"":1174460,""previous_team_shot_seconds_delta"":128,""rush_reason"":""not_rush"",""source"":""shot_attempt_facts_v1""}",2026-07-27 15:06:58,2026-07-27 17:12:07,false,false,
359,1174465,1174464,2025021230,100,20252026,2026-04-06,shot_attempt_facts_v1,shot-on-goal,saved_shot,true,true,true,false,52,55,8476460,8475831,,1,REG,p1,255,,early_period,1551,EV,ev,0,0,0,tied,-78,14,17.80,-128.157,128.157,d_015_020,a_090_plus,O,offensive,wrist,wrist,true,3,rebound,false,not_rush,false,goalie_in_net,shot-on-goal,52,1,"{""previous_team_shot_play_by_play_id"":1174464,""previous_team_shot_seconds_delta"":1,""rush_reason"":""not_rush"",""source"":""shot_attempt_facts_v1""}",2026-07-27 15:06:58,2026-07-27 17:12:07,false,false,
360,1174473,1174472,2025021230,131,20252026,2026-04-06,shot_attempt_facts_v1,shot-on-goal,saved_shot,true,true,true,false,55,52,8480009,8476945,,1,REG,p1,385,,early_period,1551,EV,ev,0,0,0,tied,49,-7,40.61,9.926,9.926,d_040_045,a_000_010,O,offensive,wrist,wrist,false,3,not_rebound,false,not_rush,false,goalie_in_net,faceoff,55,10,"{""previous_team_shot_play_by_play_id"":1174463,""previous_team_shot_seconds_delta"":137,""rush_reason"":""not_rush"",""source"":""shot_attempt_facts_v1""}",2026-07-27 15:06:58,2026-07-27 17:12:07,false,false,
361,1174476,1174475,2025021230,135,20252026,2026-04-06,shot_attempt_facts_v1,missed-shot,missed_shot,true,true,false,false,55,52,8482665,8476945,,1,REG,p1,396,,early_period,1551,EV,ev,0,0,0,tied,70,5,19.65,-14.744,14.744,d_015_020,a_010_020,O,offensive,tip-in,tip,false,3,not_rebound,false,not_rush,false,goalie_in_net,faceoff,55,3,"{""previous_team_shot_play_by_play_id"":1174473,""previous_team_shot_seconds_delta"":11,""rush_reason"":""not_rush"",""source"":""shot_attempt_facts_v1""}",2026-07-27 15:06:58,2026-07-27 17:12:07,false,false,
362,1174477,1174476,2025021230,137,20252026,2026-04-06,shot_attempt_facts_v1,shot-on-goal,saved_shot,true,true,true,false,55,52,8482665,8476945,,1,REG,p1,413,,middle_period,1551,EV,ev,0,0,0,tied,44,-15,47.43,18.435,18.435,d_045_050,a_010_020,O,offensive,slap,slap,false,3,not_rebound,false,not_rush,false,goalie_in_net,missed-shot,55,17,"{""previous_team_shot_play_by_play_id"":1174476,""previous_team_shot_seconds_delta"":17,""rush_reason"":""not_rush"",""source"":""shot_attempt_facts_v1""}",2026-07-27 15:06:58,2026-07-27 17:12:07,false,false,
363,1174484,1174483,2025021230,148,20252026,2026-04-06,shot_attempt_facts_v1,shot-on-goal,saved_shot,true,true,true,false,52,55,8476331,8475831,,1,REG,p1,448,,middle_period,1551,EV,ev,0,0,0,tied,-28,33,69.35,-151.587,151.587,d_060_plus,a_090_plus,O,offensive,wrist,wrist,false,3,not_rebound,false,not_rush,false,goalie_in_net,faceoff,52,3,"{""previous_team_shot_play_by_play_id"":1174465,""previous_team_shot_seconds_delta"":193,""rush_reason"":""not_rush"",""source"":""shot_attempt_facts_v1""}",2026-07-27 15:06:58,2026-07-27 17:12:07,false,false,
364,1174487,1174486,2025021230,201,20252026,2026-04-06,shot_attempt_facts_v1,missed-shot,missed_shot,true,true,false,false,52,55,8476460,8475831,,1,REG,p1,458,,middle_period,1551,EV,ev,0,0,0,tied,-71,-10,20.59,150.945,150.945,d_020_025,a_090_plus,O,offensive,tip-in,tip,false,3,not_rebound,false,not_rush,false,goalie_in_net,faceoff,55,8,"{""previous_team_shot_play_by_play_id"":1174484,""previous_team_shot_seconds_delta"":10,""rush_reason"":""not_rush"",""source"":""shot_attempt_facts_v1""}",2026-07-27 15:06:58,2026-07-27 17:12:07,false,false,
365,1174490,1174489,2025021230,162,20252026,2026-04-06,shot_attempt_facts_v1,shot-on-goal,saved_shot,true,true,true,false,55,52,8477919,8476945,,1,REG,p1,510,,middle_period,1551,EV,ev,0,0,0,tied,76,3,13.34,-12.995,12.995,d_010_015,a_010_020,O,offensive,tip-in,tip,false,3,not_rebound,true,rush_attempt,false,goalie_in_net,hit,52,2,"{""previous_team_shot_play_by_play_id"":1174477,""previous_team_shot_seconds_delta"":97,""rush_reason"":""direct_transition"",""source"":""shot_attempt_facts_v1""}",2026-07-27 15:06:58,2026-07-27 17:12:07,true,true,1174490
366,1174491,1174490,2025021230,163,20252026,2026-04-06,shot_attempt_facts_v1,shot-on-goal,saved_shot,true,true,true,false,55,52,8482751,8476945,,1,REG,p1,516,,middle_period,1551,EV,ev,0,0,0,tied,67,8,23.41,-19.983,19.983,d_020_025,a_010_020,O,offensive,wrist,wrist,false,3,not_rebound,false,not_rush,false,goalie_in_net,shot-on-goal,55,6,"{""previous_team_shot_play_by_play_id"":1174490,""previous_team_shot_seconds_delta"":6,""rush_reason"":""not_rush"",""source"":""shot_attempt_facts_v1""}",2026-07-27 15:06:58,2026-07-27 17:12:07,false,false,
367,1174493,1174492,2025021230,164,20252026,2026-04-06,shot_attempt_facts_v1,shot-on-goal,saved_shot,true,true,true,false,55,52,8482751,8476945,,1,REG,p1,542,,middle_period,1551,EV,ev,0,0,0,tied,61,20,34.41,-35.538,35.538,d_030_035,a_030_040,O,offensive,slap,slap,false,3,not_rebound,false,not_rush,false,goalie_in_net,hit,55,15,"{""previous_team_shot_play_by_play_id"":1174491,""previous_team_shot_seconds_delta"":26,""rush_reason"":""not_rush"",""source"":""shot_attempt_facts_v1""}",2026-07-27 15:06:58,2026-07-27 17:12:07,false,false,
368,1174496,1174495,2025021230,301,20252026,2026-04-06,shot_attempt_facts_v1,shot-on-goal,saved_shot,true,true,true,false,55,52,8474586,8476945,,1,REG,p1,553,,middle_period,1551,EV,ev,0,0,0,tied,85,-5,6.40,51.340,51.340,d_005_010,a_050_060,O,offensive,backhand,backhand,false,3,not_rebound,false,not_rush,false,goalie_in_net,faceoff,52,8,"{""previous_team_shot_play_by_play_id"":1174493,""previous_team_shot_seconds_delta"":11,""rush_reason"":""not_rush"",""source"":""shot_attempt_facts_v1""}",2026-07-27 15:06:58,2026-07-27 17:12:07,false,false,
369,1174497,1174496,2025021230,170,20252026,2026-04-06,shot_attempt_facts_v1,goal,goal,true,true,true,true,55,52,8474586,8476945,,1,REG,p1,557,,middle_period,1551,EV,ev,0,0,0,tied,72,4,17.46,-13.241,13.241,d_015_020,a_010_020,O,offensive,backhand,backhand,false,3,not_rebound,false,not_rush,false,goalie_in_net,shot-on-goal,55,4,"{""previous_team_shot_play_by_play_id"":1174496,""previous_team_shot_seconds_delta"":4,""rush_reason"":""not_rush"",""source"":""shot_attempt_facts_v1""}",2026-07-27 15:06:58,2026-07-27 17:12:07,false,false,
370,1174499,1174498,2025021230,175,20252026,2026-04-06,shot_attempt_facts_v1,shot-on-goal,saved_shot,true,true,true,false,55,52,8478407,8476945,,1,REG,p1,582,,middle_period,1551,EV,ev,0,1,1,leading_by_1,-5,6,94.19,-3.652,3.652,d_060_plus,a_000_010,N,neutral,wrist,wrist,false,3,not_rebound,false,not_rush,false,goalie_in_net,faceoff,52,25,"{""previous_team_shot_play_by_play_id"":1174497,""previous_team_shot_seconds_delta"":25,""rush_reason"":""not_rush"",""source"":""shot_attempt_facts_v1""}",2026-07-27 15:06:58,2026-07-27 17:12:07,false,false,
371,1174500,1174499,2025021230,202,20252026,2026-04-06,shot_attempt_facts_v1,shot-on-goal,saved_shot,true,true,true,false,55,52,8482259,8476945,,1,REG,p1,586,,middle_period,1551,EV,ev,0,1,1,leading_by_1,99,-10,14.14,135.000,135.000,d_010_015,a_090_plus,O,offensive,backhand,backhand,false,3,not_rebound,true,rush_attempt,false,goalie_in_net,shot-on-goal,55,4,"{""previous_team_shot_play_by_play_id"":1174499,""previous_team_shot_seconds_delta"":4,""rush_reason"":""direct_transition"",""source"":""shot_attempt_facts_v1""}",2026-07-27 15:06:58,2026-07-27 17:12:07,true,true,1174500
372,1174501,1174500,2025021230,203,20252026,2026-04-06,shot_attempt_facts_v1,shot-on-goal,saved_shot,true,true,true,false,55,52,8474586,8476945,,1,REG,p1,588,,middle_period,1551,EV,ev,0,1,1,leading_by_1,86,4,5.00,-53.130,53.130,d_005_010,a_050_060,O,offensive,backhand,backhand,true,3,rebound,true,rush_rebound,false,goalie_in_net,shot-on-goal,55,2,"{""previous_team_shot_play_by_play_id"":1174500,""previous_team_shot_seconds_delta"":2,""rush_reason"":""rebound_from_rush_attempt"",""source"":""shot_attempt_facts_v1""}",2026-07-27 15:06:58,2026-07-27 17:12:07,false,true,1174500
373,1174502,1174501,2025021230,176,20252026,2026-04-06,shot_attempt_facts_v1,shot-on-goal,saved_shot,true,true,true,false,55,52,8482259,8476945,,1,REG,p1,594,,middle_period,1551,EV,ev,0,1,1,leading_by_1,59,19,35.51,-32.347,32.347,d_035_040,a_030_040,O,offensive,wrist,wrist,false,3,not_rebound,false,not_rush,false,goalie_in_net,shot-on-goal,55,6,"{""previous_team_shot_play_by_play_id"":1174501,""previous_team_shot_seconds_delta"":6,""rush_reason"":""not_rush"",""source"":""shot_attempt_facts_v1""}",2026-07-27 15:06:58,2026-07-27 17:12:07,false,false,
374,1174505,1174504,2025021230,181,20252026,2026-04-06,shot_attempt_facts_v1,shot-on-goal,saved_shot,true,true,true,false,52,55,8481043,8475831,,1,REG,p1,611,,middle_period,1551,EV,ev,0,1,-1,trailing_by_1,-64,24,34.66,-136.169,136.169,d_030_035,a_090_plus,O,offensive,wrist,wrist,false,3,not_rebound,false,not_rush,false,goalie_in_net,faceoff,52,15,"{""previous_team_shot_play_by_play_id"":1174487,""previous_team_shot_seconds_delta"":153,""rush_reason"":""not_rush"",""source"":""shot_attempt_facts_v1""}",2026-07-27 15:06:58,2026-07-27 17:12:07,false,false,
375,1174508,1174507,2025021230,186,20252026,2026-04-06,shot_attempt_facts_v1,missed-shot,missed_shot,true,true,false,false,52,55,8480145,8475831,,1,REG,p1,616,,middle_period,1551,EV,ev,0,1,-1,trailing_by_1,-31,8,58.55,-172.147,172.147,d_055_060,a_090_plus,O,offensive,wrist,wrist,false,3,not_rebound,false,not_rush,false,goalie_in_net,faceoff,52,2,"{""previous_team_shot_play_by_play_id"":1174505,""previous_team_shot_seconds_delta"":5,""rush_reason"":""not_rush"",""source"":""shot_attempt_facts_v1""}",2026-07-27 15:06:58,2026-07-27 17:12:07,false,false,
376,1174509,1174508,2025021230,187,20252026,2026-04-06,shot_attempt_facts_v1,shot-on-goal,saved_shot,true,true,true,false,52,55,8481043,8475831,,1,REG,p1,623,,middle_period,1551,EV,ev,0,1,-1,trailing_by_1,-69,21,29.00,-133.603,133.603,d_025_030,a_090_plus,O,offensive,wrist,wrist,false,3,not_rebound,false,not_rush,false,goalie_in_net,missed-shot,52,7,"{""previous_team_shot_play_by_play_id"":1174508,""previous_team_shot_seconds_delta"":7,""rush_reason"":""not_rush"",""source"":""shot_attempt_facts_v1""}",2026-07-27 15:06:58,2026-07-27 17:12:07,false,false,
377,1174512,1174511,2025021230,302,20252026,2026-04-06,shot_attempt_facts_v1,blocked-shot,blocked_shot,true,false,false,false,52,55,8476460,,8477986,1,REG,p1,627,,middle_period,1551,EV,ev,0,1,-1,trailing_by_1,-74,15,21.21,-135.000,135.000,d_020_025,a_090_plus,D,defensive,,unknown,false,3,not_rebound,false,not_rush,false,goalie_in_net,faceoff,52,1,"{""previous_team_shot_play_by_play_id"":1174509,""previous_team_shot_seconds_delta"":4,""rush_reason"":""not_rush"",""source"":""shot_attempt_facts_v1""}",2026-07-27 15:06:58,2026-07-27 17:12:07,false,false,
378,1174514,1174513,2025021230,200,20252026,2026-04-06,shot_attempt_facts_v1,shot-on-goal,saved_shot,true,true,true,false,55,52,8476457,8476945,,1,REG,p1,678,,middle_period,1551,EV,ev,0,1,1,leading_by_1,32,-13,58.46,12.848,12.848,d_055_060,a_010_020,O,offensive,slap,slap,false,3,not_rebound,false,not_rush,false,goalie_in_net,giveaway,52,27,"{""previous_team_shot_play_by_play_id"":1174502,""previous_team_shot_seconds_delta"":84,""rush_reason"":""not_rush"",""source"":""shot_attempt_facts_v1""}",2026-07-27 15:06:58,2026-07-27 17:12:07,false,false,
379,1174517,1174516,2025021230,204,20252026,2026-04-06,shot_attempt_facts_v1,missed-shot,missed_shot,true,true,false,false,55,52,8476457,8476945,,1,REG,p1,682,,middle_period,1551,EV,ev,0,1,1,leading_by_1,31,-21,61.68,19.904,19.904,d_060_plus,a_010_020,O,offensive,wrist,wrist,false,3,not_rebound,false,not_rush,false,goalie_in_net,faceoff,55,2,"{""previous_team_shot_play_by_play_id"":1174514,""previous_team_shot_seconds_delta"":4,""rush_reason"":""not_rush"",""source"":""shot_attempt_facts_v1""}",2026-07-27 15:06:58,2026-07-27 17:12:07,false,false,
380,1174518,1174517,2025021230,254,20252026,2026-04-06,shot_attempt_facts_v1,blocked-shot,blocked_shot,true,false,false,false,55,52,8484800,,8477938,1,REG,p1,707,,middle_period,1551,EV,ev,0,1,1,leading_by_1,74,0,15.00,0.000,0.000,d_015_020,a_000_010,D,defensive,,unknown,false,3,not_rebound,false,not_rush,false,goalie_in_net,missed-shot,55,25,"{""previous_team_shot_play_by_play_id"":1174517,""previous_team_shot_seconds_delta"":25,""rush_reason"":""not_rush"",""source"":""shot_attempt_facts_v1""}",2026-07-27 15:06:58,2026-07-27 17:12:07,false,false,
381,1174521,1174520,2025021230,303,20252026,2026-04-06,shot_attempt_facts_v1,missed-shot,missed_shot,true,true,false,false,52,55,8480014,8475831,,1,REG,p1,732,,middle_period,1451,PP,pp,0,1,-1,trailing_by_1,-56,17,37.12,-152.745,152.745,d_035_040,a_090_plus,O,offensive,wrist,wrist,false,3,not_rebound,false,not_rush,false,goalie_in_net,faceoff,55,20,"{""previous_team_shot_play_by_play_id"":1174512,""previous_team_shot_seconds_delta"":105,""rush_reason"":""not_rush"",""source"":""shot_attempt_facts_v1""}",2026-07-27 15:06:58,2026-07-27 17:12:07,false,false,
382,1174522,1174521,2025021230,262,20252026,2026-04-06,shot_attempt_facts_v1,missed-shot,missed_shot,true,true,false,false,52,55,8480014,8475831,,1,REG,p1,756,,middle_period,1451,PP,pp,0,1,-1,trailing_by_1,-78,-5,12.08,155.556,155.556,d_010_015,a_090_plus,O,offensive,tip-in,tip,false,3,not_rebound,false,not_rush,false,goalie_in_net,missed-shot,52,24,"{""previous_team_shot_play_by_play_id"":1174521,""previous_team_shot_seconds_delta"":24,""rush_reason"":""not_rush"",""source"":""shot_attempt_facts_v1""}",2026-07-27 15:06:58,2026-07-27 17:12:07,false,false,
383,1174523,1174522,2025021230,263,20252026,2026-04-06,shot_attempt_facts_v1,goal,goal,true,true,true,true,52,55,8473604,8475831,,1,REG,p1,759,,middle_period,1451,PP,pp,0,1,-1,trailing_by_1,-87,3,3.61,-123.690,123.690,d_000_005,a_090_plus,O,offensive,wrist,wrist,true,3,rebound,false,not_rush,false,goalie_in_net,missed-shot,52,3,"{""previous_team_shot_play_by_play_id"":1174522,""previous_team_shot_seconds_delta"":3,""rush_reason"":""not_rush"",""source"":""shot_attempt_facts_v1""}",2026-07-27 15:06:58,2026-07-27 17:12:07,false,false,
384,1174533,1174532,2025021230,288,20252026,2026-04-06,shot_attempt_facts_v1,missed-shot,missed_shot,true,true,false,false,52,55,8477504,8475831,,1,REG,p1,885,,late_period,1551,EV,ev,1,1,0,tied,-35,-13,55.54,166.464,166.464,d_055_060,a_090_plus,O,offensive,slap,slap,false,3,not_rebound,false,not_rush,false,goalie_in_net,giveaway,55,17,"{""previous_team_shot_play_by_play_id"":1174523,""previous_team_shot_seconds_delta"":126,""rush_reason"":""not_rush"",""source"":""shot_attempt_facts_v1""}",2026-07-27 15:06:58,2026-07-27 17:12:07,false,false,
385,1174534,1174533,2025021230,289,20252026,2026-04-06,shot_attempt_facts_v1,blocked-shot,blocked_shot,true,false,false,false,52,55,8477504,,8476905,1,REG,p1,888,,late_period,1551,EV,ev,1,1,0,tied,-79,-16,18.87,122.005,122.005,d_015_020,a_090_plus,D,defensive,,unknown,true,3,rebound,false,not_rush,false,goalie_in_net,missed-shot,52,3,"{""previous_team_shot_play_by_play_id"":1174533,""previous_team_shot_seconds_delta"":3,""rush_reason"":""not_rush"",""source"":""shot_attempt_facts_v1""}",2026-07-27 15:06:58,2026-07-27 17:12:07,false,false,
386,1174536,1174535,2025021230,402,20252026,2026-04-06,shot_attempt_facts_v1,missed-shot,missed_shot,true,true,false,false,55,52,8482858,8476945,,1,REG,p1,956,,late_period,1551,EV,ev,1,1,0,tied,47,-18,45.69,23.199,23.199,d_045_050,a_020_030,O,offensive,wrist,wrist,false,3,not_rebound,false,not_rush,false,goalie_in_net,giveaway,52,39,"{""previous_team_shot_play_by_play_id"":1174518,""previous_team_shot_seconds_delta"":249,""rush_reason"":""not_rush"",""source"":""shot_attempt_facts_v1""}",2026-07-27 15:06:58,2026-07-27 17:12:07,false,false,
387,1174537,1174536,2025021230,411,20252026,2026-04-06,shot_attempt_facts_v1,blocked-shot,blocked_shot,true,false,false,false,55,52,8482259,,8481043,1,REG,p1,974,,late_period,1551,EV,ev,1,1,0,tied,59,-17,34.48,29.539,29.539,d_030_035,a_020_030,D,defensive,,unknown,false,3,not_rebound,false,not_rush,false,goalie_in_net,missed-shot,55,18,"{""previous_team_shot_play_by_play_id"":1174536,""previous_team_shot_seconds_delta"":18,""rush_reason"":""not_rush"",""source"":""shot_attempt_facts_v1""}",2026-07-27 15:06:58,2026-07-27 17:12:07,false,false,
388,1174538,1174537,2025021230,414,20252026,2026-04-06,shot_attempt_facts_v1,blocked-shot,blocked_shot,true,false,false,false,52,55,8480145,,8479985,1,REG,p1,991,,late_period,1551,EV,ev,1,1,0,tied,-80,1,9.06,-173.660,173.660,d_005_010,a_090_plus,D,defensive,,unknown,false,3,not_rebound,false,not_rush,false,goalie_in_net,blocked-shot,55,17,"{""previous_team_shot_play_by_play_id"":1174534,""previous_team_shot_seconds_delta"":103,""rush_reason"":""not_rush"",""source"":""shot_attempt_facts_v1""}",2026-07-27 15:06:58,2026-07-27 17:12:07,false,false,
389,1174542,1174541,2025021230,420,20252026,2026-04-06,shot_attempt_facts_v1,blocked-shot,blocked_shot,true,false,false,false,52,55,8481043,,8479985,1,REG,p1,1019,,late_period,1551,EV,ev,1,1,0,tied,-78,-10,14.87,137.726,137.726,d_010_015,a_090_plus,D,defensive,,unknown,false,3,not_rebound,false,not_rush,false,goalie_in_net,hit,52,9,"{""previous_team_shot_play_by_play_id"":1174538,""previous_team_shot_seconds_delta"":28,""rush_reason"":""not_rush"",""source"":""shot_attempt_facts_v1""}",2026-07-27 15:06:58,2026-07-27 17:12:07,false,false,
390,1174546,1174545,2025021230,430,20252026,2026-04-06,shot_attempt_facts_v1,blocked-shot,blocked_shot,true,false,false,false,55,52,8477986,,8476460,1,REG,p1,1072,,late_period,1551,EV,ev,1,1,0,tied,52,10,38.33,-15.124,15.124,d_035_040,a_010_020,D,defensive,,unknown,false,3,not_rebound,false,not_rush,false,goalie_in_net,takeaway,55,8,"{""previous_team_shot_play_by_play_id"":1174537,""previous_team_shot_seconds_delta"":98,""rush_reason"":""not_rush"",""source"":""shot_attempt_facts_v1""}",2026-07-27 15:06:58,2026-07-27 17:12:07,false,false,
391,1174547,1174546,2025021230,431,20252026,2026-04-06,shot_attempt_facts_v1,missed-shot,missed_shot,true,true,false,false,55,52,8475768,8476945,,1,REG,p1,1077,,late_period,1551,EV,ev,1,1,0,tied,86,-15,15.30,78.690,78.690,d_015_020,a_070_080,O,offensive,snap,snap,false,3,not_rebound,true,rush_attempt,false,goalie_in_net,blocked-shot,55,5,"{""previous_team_shot_play_by_play_id"":1174546,""previous_team_shot_seconds_delta"":5,""rush_reason"":""direct_transition"",""source"":""shot_attempt_facts_v1""}",2026-07-27 15:06:58,2026-07-27 17:12:07,true,true,1174547
392,1174548,1174547,2025021230,205,20252026,2026-04-06,shot_attempt_facts_v1,shot-on-goal,saved_shot,true,true,true,false,55,52,8480009,8476945,,1,REG,p1,1078,,late_period,1551,EV,ev,1,1,0,tied,86,-4,5.00,53.130,53.130,d_005_010,a_050_060,O,offensive,wrist,wrist,true,3,rebound,true,rush_rebound,false,goalie_in_net,missed-shot,55,1,"{""previous_team_shot_play_by_play_id"":1174547,""previous_team_shot_seconds_delta"":1,""rush_reason"":""rebound_from_rush_attempt"",""source"":""shot_attempt_facts_v1""}",2026-07-27 15:06:58,2026-07-27 17:12:07,false,true,1174547
393,1174549,1174548,2025021230,442,20252026,2026-04-06,shot_attempt_facts_v1,blocked-shot,blocked_shot,true,false,false,false,52,55,8476460,,8476457,1,REG,p1,1113,,late_period,1551,EV,ev,1,1,0,tied,-70,15,24.21,-141.710,141.710,d_020_025,a_090_plus,D,defensive,,unknown,false,3,not_rebound,false,not_rush,false,goalie_in_net,shot-on-goal,55,35,"{""previous_team_shot_play_by_play_id"":1174542,""previous_team_shot_seconds_delta"":94,""rush_reason"":""not_rush"",""source"":""shot_attempt_facts_v1""}",2026-07-27 15:06:58,2026-07-27 17:12:07,false,false,
394,1174550,1174549,2025021230,443,20252026,2026-04-06,shot_attempt_facts_v1,missed-shot,missed_shot,true,true,false,false,52,55,8480049,8475831,,1,REG,p1,1121,,late_period,1551,EV,ev,1,1,0,tied,-31,5,58.22,-175.073,175.073,d_055_060,a_090_plus,O,offensive,wrist,wrist,false,3,not_rebound,true,rush_attempt,false,goalie_in_net,blocked-shot,52,8,"{""previous_team_shot_play_by_play_id"":1174549,""previous_team_shot_seconds_delta"":8,""rush_reason"":""direct_transition"",""source"":""shot_attempt_facts_v1""}",2026-07-27 15:06:58,2026-07-27 17:12:07,true,true,1174550
395,1174555,1174554,2025021230,463,20252026,2026-04-06,shot_attempt_facts_v1,missed-shot,missed_shot,true,true,false,false,55,52,8478407,8476945,,2,REG,p2,1243,,early_period,1551,EV,ev,1,1,0,tied,-51,11,39.56,-163.856,163.856,d_035_040,a_090_plus,O,offensive,wrist,wrist,false,3,not_rebound,false,not_rush,false,goalie_in_net,faceoff,55,43,"{""previous_team_shot_play_by_play_id"":1174548,""previous_team_shot_seconds_delta"":165,""rush_reason"":""not_rush"",""source"":""shot_attempt_facts_v1""}",2026-07-27 15:06:58,2026-07-27 17:12:07,false,false,
396,1174556,1174555,2025021230,464,20252026,2026-04-06,shot_attempt_facts_v1,shot-on-goal,saved_shot,true,true,true,false,52,55,8476460,8475831,,2,REG,p2,1251,,early_period,1551,EV,ev,1,1,0,tied,80,-1,9.06,6.340,6.340,d_005_010,a_000_010,O,offensive,backhand,backhand,false,3,not_rebound,false,not_rush,false,goalie_in_net,missed-shot,55,8,"{""previous_team_shot_play_by_play_id"":1174550,""previous_team_shot_seconds_delta"":130,""rush_reason"":""not_rush"",""source"":""shot_attempt_facts_v1""}",2026-07-27 15:06:58,2026-07-27 17:12:07,false,false,
397,1174557,1174556,2025021230,467,20252026,2026-04-06,shot_attempt_facts_v1,missed-shot,missed_shot,true,true,false,false,52,55,8478398,8475831,,2,REG,p2,1256,,early_period,1551,EV,ev,1,1,0,tied,67,0,22.00,0.000,0.000,d_020_025,a_000_010,O,offensive,tip-in,tip,false,3,not_rebound,false,not_rush,false,goalie_in_net,shot-on-goal,52,5,"{""previous_team_shot_play_by_play_id"":1174556,""previous_team_shot_seconds_delta"":5,""rush_reason"":""not_rush"",""source"":""shot_attempt_facts_v1""}",2026-07-27 15:06:58,2026-07-27 17:12:07,false,false,
398,1174560,1174559,2025021230,475,20252026,2026-04-06,shot_attempt_facts_v1,missed-shot,missed_shot,true,true,false,false,55,52,8479324,8476945,,2,REG,p2,1303,,early_period,1551,EV,ev,1,1,0,tied,-77,-6,13.42,153.435,153.435,d_010_015,a_090_plus,O,offensive,tip-in,tip,false,3,not_rebound,false,not_rush,false,goalie_in_net,faceoff,52,26,"{""previous_team_shot_play_by_play_id"":1174555,""previous_team_shot_seconds_delta"":60,""rush_reason"":""not_rush"",""source"":""shot_attempt_facts_v1""}",2026-07-27 15:06:58,2026-07-27 17:12:07,false,false,
399,1174561,1174560,2025021230,305,20252026,2026-04-06,shot_attempt_facts_v1,missed-shot,missed_shot,true,true,false,false,52,55,8482149,8475831,,2,REG,p2,1325,,early_period,1551,EV,ev,1,1,0,tied,63,4,26.31,-8.746,8.746,d_025_030,a_000_010,O,offensive,snap,snap,false,3,not_rebound,false,not_rush,false,goalie_in_net,missed-shot,55,22,"{""previous_team_shot_play_by_play_id"":1174557,""previous_team_shot_seconds_delta"":69,""rush_reason"":""not_rush"",""source"":""shot_attempt_facts_v1""}",2026-07-27 15:06:58,2026-07-27 17:12:07,false,false,
400,1174564,1174563,2025021230,487,20252026,2026-04-06,shot_attempt_facts_v1,blocked-shot,blocked_shot,true,false,false,false,52,55,8481043,,8482858,2,REG,p2,1346,,early_period,1551,EV,ev,1,1,0,tied,42,1,47.01,-1.219,1.219,d_045_050,a_000_010,D,defensive,,unknown,false,3,not_rebound,false,not_rush,false,goalie_in_net,faceoff,52,7,"{""previous_team_shot_play_by_play_id"":1174561,""previous_team_shot_seconds_delta"":21,""rush_reason"":""not_rush"",""source"":""shot_attempt_facts_v1""}",2026-07-27 15:06:58,2026-07-27 17:12:07,false,false,
401,1174567,1174566,2025021230,491,20252026,2026-04-06,shot_attempt_facts_v1,shot-on-goal,saved_shot,true,true,true,false,52,55,8477938,8475831,,2,REG,p2,1351,,early_period,1551,EV,ev,1,1,0,tied,40,34,59.64,-34.756,34.756,d_055_060,a_030_040,O,offensive,slap,slap,false,3,not_rebound,false,not_rush,false,goalie_in_net,faceoff,52,3,"{""previous_team_shot_play_by_play_id"":1174564,""previous_team_shot_seconds_delta"":5,""rush_reason"":""not_rush"",""source"":""shot_attempt_facts_v1""}",2026-07-27 15:06:58,2026-07-27 17:12:07,false,false,
402,1174575,1174574,2025021230,512,20252026,2026-04-06,shot_attempt_facts_v1,missed-shot,missed_shot,true,true,false,false,52,55,8478398,8475831,,2,REG,p2,1432,,early_period,1551,EV,ev,1,1,0,tied,56,19,38.08,-29.932,29.932,d_035_040,a_020_030,O,offensive,wrist,wrist,false,3,not_rebound,false,not_rush,false,goalie_in_net,faceoff,52,1,"{""previous_team_shot_play_by_play_id"":1174567,""previous_team_shot_seconds_delta"":81,""rush_reason"":""not_rush"",""source"":""shot_attempt_facts_v1""}",2026-07-27 15:06:58,2026-07-27 17:12:07,false,false,
403,1174576,1174575,2025021230,514,20252026,2026-04-06,shot_attempt_facts_v1,shot-on-goal,saved_shot,true,true,true,false,52,55,8480113,8475831,,2,REG,p2,1441,,early_period,1551,EV,ev,1,1,0,tied,74,-23,27.46,56.889,56.889,d_025_030,a_050_060,O,offensive,wrist,wrist,false,3,not_rebound,false,not_rush,false,goalie_in_net,missed-shot,52,9,"{""previous_team_shot_play_by_play_id"":1174575,""previous_team_shot_seconds_delta"":9,""rush_reason"":""not_rush"",""source"":""shot_attempt_facts_v1""}",2026-07-27 15:06:58,2026-07-27 17:12:07,false,false,
404,1174579,1174578,2025021230,519,20252026,2026-04-06,shot_attempt_facts_v1,shot-on-goal,saved_shot,true,true,true,false,52,55,8478398,8475831,,2,REG,p2,1463,,early_period,1551,EV,ev,1,1,0,tied,67,11,24.60,-26.565,26.565,d_020_025,a_020_030,O,offensive,snap,snap,false,3,not_rebound,false,not_rush,false,goalie_in_net,faceoff,55,20,"{""previous_team_shot_play_by_play_id"":1174576,""previous_team_shot_seconds_delta"":22,""rush_reason"":""not_rush"",""source"":""shot_attempt_facts_v1""}",2026-07-27 15:06:58,2026-07-27 17:12:07,false,false,
405,1174580,1174579,2025021230,520,20252026,2026-04-06,shot_attempt_facts_v1,missed-shot,missed_shot,true,true,false,false,55,52,8476905,8476945,,2,REG,p2,1472,,early_period,1551,EV,ev,1,1,0,tied,-79,4,10.77,-158.199,158.199,d_010_015,a_090_plus,O,offensive,wrist,wrist,false,3,not_rebound,false,not_rush,false,goalie_in_net,shot-on-goal,52,9,"{""previous_team_shot_play_by_play_id"":1174560,""previous_team_shot_seconds_delta"":169,""rush_reason"":""not_rush"",""source"":""shot_attempt_facts_v1""}",2026-07-27 15:06:58,2026-07-27 17:12:07,false,false,
406,1174582,1174581,2025021230,530,20252026,2026-04-06,shot_attempt_facts_v1,shot-on-goal,saved_shot,true,true,true,false,55,52,8477986,8476945,,2,REG,p2,1512,,early_period,1551,EV,ev,1,1,0,tied,-83,-10,11.66,120.964,120.964,d_010_015,a_090_plus,O,offensive,backhand,backhand,false,3,not_rebound,false,not_rush,false,goalie_in_net,hit,52,17,"{""previous_team_shot_play_by_play_id"":1174580,""previous_team_shot_seconds_delta"":40,""rush_reason"":""not_rush"",""source"":""shot_attempt_facts_v1""}",2026-07-27 15:06:58,2026-07-27 17:12:07,false,false,
407,1174584,1174583,2025021230,533,20252026,2026-04-06,shot_attempt_facts_v1,missed-shot,missed_shot,true,true,false,false,55,52,8482259,8476945,,2,REG,p2,1538,,early_period,1551,EV,ev,1,1,0,tied,-84,10,11.18,-116.565,116.565,d_010_015,a_090_plus,O,offensive,backhand,backhand,false,3,not_rebound,true,rush_attempt,false,goalie_in_net,giveaway,52,4,"{""previous_team_shot_play_by_play_id"":1174582,""previous_team_shot_seconds_delta"":26,""rush_reason"":""direct_transition"",""source"":""shot_attempt_facts_v1""}",2026-07-27 15:06:58,2026-07-27 17:12:07,true,true,1174584
408,1174590,1174589,2025021230,543,20252026,2026-04-06,shot_attempt_facts_v1,missed-shot,missed_shot,true,true,false,false,55,52,8477919,8476945,,2,REG,p2,1578,,early_period,1551,EV,ev,1,1,0,tied,-77,-6,13.42,153.435,153.435,d_010_015,a_090_plus,O,offensive,bat,other,false,3,not_rebound,false,not_rush,false,goalie_in_net,hit,55,9,"{""previous_team_shot_play_by_play_id"":1174584,""previous_team_shot_seconds_delta"":40,""rush_reason"":""not_rush"",""source"":""shot_attempt_facts_v1""}",2026-07-27 15:06:58,2026-07-27 17:12:07,false,false,
409,1174591,1174590,2025021230,544,20252026,2026-04-06,shot_attempt_facts_v1,missed-shot,missed_shot,true,true,false,false,55,52,8479985,8476945,,2,REG,p2,1594,,early_period,1551,EV,ev,1,1,0,tied,-52,26,45.22,-144.904,144.904,d_045_050,a_090_plus,O,offensive,slap,slap,false,3,not_rebound,false,not_rush,false,goalie_in_net,missed-shot,55,16,"{""previous_team_shot_play_by_play_id"":1174590,""previous_team_shot_seconds_delta"":16,""rush_reason"":""not_rush"",""source"":""shot_attempt_facts_v1""}",2026-07-27 15:06:58,2026-07-27 17:12:07,false,false,
410,1174592,1174591,2025021230,306,20252026,2026-04-06,shot_attempt_facts_v1,missed-shot,missed_shot,true,true,false,false,55,52,8482751,8476945,,2,REG,p2,1595,,early_period,1551,EV,ev,1,1,0,tied,-91,9,9.22,-77.471,77.471,d_005_010,a_070_080,O,offensive,wrist,wrist,true,3,rebound,false,not_rush,false,goalie_in_net,missed-shot,55,1,"{""previous_team_shot_play_by_play_id"":1174591,""previous_team_shot_seconds_delta"":1,""rush_reason"":""not_rush"",""source"":""shot_attempt_facts_v1""}",2026-07-27 15:06:58,2026-07-27 17:12:07,false,false,
411,1174598,1174597,2025021230,561,20252026,2026-04-06,shot_attempt_facts_v1,missed-shot,missed_shot,true,true,false,false,52,55,8482765,8475831,,2,REG,p2,1647,,middle_period,1551,EV,ev,1,1,0,tied,53,-25,43.83,34.778,34.778,d_040_045,a_030_040,O,offensive,wrist,wrist,false,3,not_rebound,false,not_rush,false,goalie_in_net,faceoff,55,23,"{""previous_team_shot_play_by_play_id"":1174579,""previous_team_shot_seconds_delta"":184,""rush_reason"":""not_rush"",""source"":""shot_attempt_facts_v1""}",2026-07-27 15:06:58,2026-07-27 17:12:07,false,false,
412,1174600,1174599,2025021230,562,20252026,2026-04-06,shot_attempt_facts_v1,shot-on-goal,saved_shot,true,true,true,false,52,55,8482765,8475831,,2,REG,p2,1659,,middle_period,1551,EV,ev,1,1,0,tied,54,5,35.36,-8.130,8.130,d_035_040,a_000_010,O,offensive,wrist,wrist,false,3,not_rebound,true,rush_attempt,false,goalie_in_net,giveaway,55,5,"{""previous_team_shot_play_by_play_id"":1174598,""previous_team_shot_seconds_delta"":12,""rush_reason"":""direct_transition"",""source"":""shot_attempt_facts_v1""}",2026-07-27 15:06:58,2026-07-27 17:12:07,true,true,1174600
413,1174603,1174602,2025021230,307,20252026,2026-04-06,shot_attempt_facts_v1,missed-shot,missed_shot,true,true,false,false,52,55,8478398,8475831,,2,REG,p2,1698,,middle_period,1551,EV,ev,1,1,0,tied,84,14,14.87,-70.346,70.346,d_010_015,a_070_080,O,offensive,backhand,backhand,false,3,not_rebound,false,not_rush,false,goalie_in_net,faceoff,55,37,"{""previous_team_shot_play_by_play_id"":1174600,""previous_team_shot_seconds_delta"":39,""rush_reason"":""not_rush"",""source"":""shot_attempt_facts_v1""}",2026-07-27 15:06:58,2026-07-27 17:12:07,false,false,
414,1174604,1174603,2025021230,569,20252026,2026-04-06,shot_attempt_facts_v1,shot-on-goal,saved_shot,true,true,true,false,52,55,8480113,8475831,,2,REG,p2,1700,,middle_period,1551,EV,ev,1,1,0,tied,82,9,11.40,-52.125,52.125,d_010_015,a_050_060,O,offensive,wrist,wrist,true,3,rebound,false,not_rush,false,goalie_in_net,missed-shot,52,2,"{""previous_team_shot_play_by_play_id"":1174603,""previous_team_shot_seconds_delta"":2,""rush_reason"":""not_rush"",""source"":""shot_attempt_facts_v1""}",2026-07-27 15:06:58,2026-07-27 17:12:07,false,false,
415,1174609,1174608,2025021230,308,20252026,2026-04-06,shot_attempt_facts_v1,blocked-shot,blocked_shot,true,false,false,false,52,55,8477938,,8484168,2,REG,p2,1738,,middle_period,1551,EV,ev,1,1,0,tied,40,24,54.56,-26.095,26.095,d_050_055,a_020_030,D,defensive,,unknown,false,3,not_rebound,false,not_rush,false,goalie_in_net,hit,55,22,"{""previous_team_shot_play_by_play_id"":1174604,""previous_team_shot_seconds_delta"":38,""rush_reason"":""not_rush"",""source"":""shot_attempt_facts_v1""}",2026-07-27 15:06:58,2026-07-27 17:12:07,false,false,
416,1174610,1174609,2025021230,574,20252026,2026-04-06,shot_attempt_facts_v1,missed-shot,missed_shot,true,true,false,false,52,55,8483471,8475831,,2,REG,p2,1745,,middle_period,1551,EV,ev,1,1,0,tied,31,-24,62.77,22.479,22.479,d_060_plus,a_020_030,O,offensive,slap,slap,false,3,not_rebound,true,rush_attempt,false,goalie_in_net,blocked-shot,52,7,"{""previous_team_shot_play_by_play_id"":1174609,""previous_team_shot_seconds_delta"":7,""rush_reason"":""direct_transition"",""source"":""shot_attempt_facts_v1""}",2026-07-27 15:06:58,2026-07-27 17:12:07,true,true,1174610
417,1174613,1174612,2025021230,584,20252026,2026-04-06,shot_attempt_facts_v1,shot-on-goal,saved_shot,true,true,true,false,52,55,8477504,8475831,,2,REG,p2,1765,,middle_period,1451,PP,pp,1,1,0,tied,36,15,55.08,-15.803,15.803,d_055_060,a_010_020,O,offensive,slap,slap,false,3,not_rebound,false,not_rush,false,goalie_in_net,faceoff,52,8,"{""previous_team_shot_play_by_play_id"":1174610,""previous_team_shot_seconds_delta"":20,""rush_reason"":""not_rush"",""source"":""shot_attempt_facts_v1""}",2026-07-27 15:06:58,2026-07-27 17:12:07,false,false,
418,1174614,1174613,2025021230,585,20252026,2026-04-06,shot_attempt_facts_v1,goal,goal,true,true,true,true,52,55,8480014,8475831,,2,REG,p2,1795,,middle_period,1451,PP,pp,1,1,0,tied,77,-6,13.42,26.565,26.565,d_010_015,a_020_030,O,offensive,snap,snap,false,3,not_rebound,false,not_rush,false,goalie_in_net,shot-on-goal,52,30,"{""previous_team_shot_play_by_play_id"":1174613,""previous_team_shot_seconds_delta"":30,""rush_reason"":""not_rush"",""source"":""shot_attempt_facts_v1""}",2026-07-27 15:06:58,2026-07-27 17:12:07,false,false,
419,1174618,1174617,2025021230,591,20252026,2026-04-06,shot_attempt_facts_v1,shot-on-goal,saved_shot,true,true,true,false,52,55,8482149,8475831,,2,REG,p2,1820,,middle_period,1551,EV,ev,2,1,1,leading_by_1,79,16,18.87,-57.995,57.995,d_015_020,a_050_060,O,offensive,wrist,wrist,false,3,not_rebound,true,rush_attempt,false,goalie_in_net,hit,55,1,"{""previous_team_shot_play_by_play_id"":1174614,""previous_team_shot_seconds_delta"":25,""rush_reason"":""direct_transition"",""source"":""shot_attempt_facts_v1""}",2026-07-27 15:06:58,2026-07-27 17:12:07,true,true,1174618
420,1174619,1174618,2025021230,595,20252026,2026-04-06,shot_attempt_facts_v1,missed-shot,missed_shot,true,true,false,false,55,52,8482259,8476945,,2,REG,p2,1853,,middle_period,1551,EV,ev,2,1,-1,trailing_by_1,-75,-10,17.20,144.462,144.462,d_015_020,a_090_plus,O,offensive,tip-in,tip,false,3,not_rebound,false,not_rush,false,goalie_in_net,shot-on-goal,52,33,"{""previous_team_shot_play_by_play_id"":1174592,""previous_team_shot_seconds_delta"":258,""rush_reason"":""not_rush"",""source"":""shot_attempt_facts_v1""}",2026-07-27 15:06:58,2026-07-27 17:12:07,false,false,
421,1174626,1174625,2025021230,612,20252026,2026-04-06,shot_attempt_facts_v1,shot-on-goal,saved_shot,true,true,true,false,52,55,8480014,8475831,,2,REG,p2,1897,,middle_period,1451,PP,pp,2,1,1,leading_by_1,63,-14,29.53,28.301,28.301,d_025_030,a_020_030,O,offensive,wrist,wrist,false,3,not_rebound,true,rush_attempt,false,goalie_in_net,giveaway,55,3,"{""previous_team_shot_play_by_play_id"":1174618,""previous_team_shot_seconds_delta"":77,""rush_reason"":""direct_transition"",""source"":""shot_attempt_facts_v1""}",2026-07-27 15:06:58,2026-07-27 17:12:07,true,true,1174626
422,1174627,1174626,2025021230,613,20252026,2026-04-06,shot_attempt_facts_v1,goal,goal,true,true,true,true,52,55,8478398,8475831,,2,REG,p2,1929,,middle_period,1451,PP,pp,2,1,1,leading_by_1,46,-11,44.38,14.349,14.349,d_040_045,a_010_020,O,offensive,slap,slap,false,3,not_rebound,false,not_rush,false,goalie_in_net,shot-on-goal,52,32,"{""previous_team_shot_play_by_play_id"":1174626,""previous_team_shot_seconds_delta"":32,""rush_reason"":""not_rush"",""source"":""shot_attempt_facts_v1""}",2026-07-27 15:06:58,2026-07-27 17:12:07,false,false,
423,1174629,1174628,2025021230,620,20252026,2026-04-06,shot_attempt_facts_v1,missed-shot,missed_shot,true,true,false,false,52,55,8480113,8475831,,2,REG,p2,1952,,middle_period,1551,EV,ev,3,1,2,leading_by_2_plus,74,31,34.44,-64.179,64.179,d_030_035,a_060_070,O,offensive,wrist,wrist,false,3,not_rebound,false,not_rush,false,goalie_in_net,faceoff,52,23,"{""previous_team_shot_play_by_play_id"":1174627,""previous_team_shot_seconds_delta"":23,""rush_reason"":""not_rush"",""source"":""shot_attempt_facts_v1""}",2026-07-27 15:06:58,2026-07-27 17:12:07,false,false,
424,1174632,1174631,2025021230,622,20252026,2026-04-06,shot_attempt_facts_v1,blocked-shot,blocked_shot,true,false,false,false,52,55,8476392,,8480009,2,REG,p2,1966,,middle_period,1551,EV,ev,3,1,2,leading_by_2_plus,89,-8,8.00,90.000,90.000,d_005_010,a_090_plus,D,defensive,,unknown,false,3,not_rebound,false,not_rush,false,goalie_in_net,giveaway,55,2,"{""previous_team_shot_play_by_play_id"":1174629,""previous_team_shot_seconds_delta"":14,""rush_reason"":""not_rush"",""source"":""shot_attempt_facts_v1""}",2026-07-27 15:06:58,2026-07-27 17:12:07,false,false,
425,1174635,1174634,2025021230,634,20252026,2026-04-06,shot_attempt_facts_v1,missed-shot,missed_shot,true,true,false,false,52,55,8476480,8478916,,2,REG,p2,2001,,late_period,1551,EV,ev,3,1,2,leading_by_2_plus,60,17,33.62,-30.379,30.379,d_030_035,a_030_040,O,offensive,tip-in,tip,false,3,not_rebound,false,not_rush,false,goalie_in_net,faceoff,52,1,"{""previous_team_shot_play_by_play_id"":1174632,""previous_team_shot_seconds_delta"":35,""rush_reason"":""not_rush"",""source"":""shot_attempt_facts_v1""}",2026-07-27 15:06:58,2026-07-27 17:12:07,false,false,
426,1174636,1174635,2025021230,635,20252026,2026-04-06,shot_attempt_facts_v1,shot-on-goal,saved_shot,true,true,true,false,55,52,8482259,8476945,,2,REG,p2,2005,,late_period,1551,EV,ev,3,1,-2,trailing_by_2_plus,31,-37,125.57,162.864,162.864,d_060_plus,a_090_plus,D,defensive,wrist,wrist,false,3,not_rebound,false,not_rush,false,goalie_in_net,missed-shot,52,4,"{""previous_team_shot_play_by_play_id"":1174619,""previous_team_shot_seconds_delta"":152,""rush_reason"":""not_rush"",""source"":""shot_attempt_facts_v1""}",2026-07-27 15:06:58,2026-07-27 17:12:07,false,false,
427,1174638,1174637,2025021230,639,20252026,2026-04-06,shot_attempt_facts_v1,shot-on-goal,saved_shot,true,true,true,false,52,55,8483471,8478916,,2,REG,p2,2038,,late_period,1551,EV,ev,3,1,2,leading_by_2_plus,67,-35,41.34,57.848,57.848,d_040_045,a_050_060,O,offensive,wrist,wrist,false,3,not_rebound,false,not_rush,false,goalie_in_net,hit,52,11,"{""previous_team_shot_play_by_play_id"":1174635,""previous_team_shot_seconds_delta"":37,""rush_reason"":""not_rush"",""source"":""shot_attempt_facts_v1""}",2026-07-27 15:06:58,2026-07-27 17:12:07,false,false,
428,1174639,1174638,2025021230,206,20252026,2026-04-06,shot_attempt_facts_v1,blocked-shot,blocked_shot,true,false,false,false,52,55,8481043,,8479985,2,REG,p2,2039,,late_period,1551,EV,ev,3,1,2,leading_by_2_plus,87,-6,6.32,71.565,71.565,d_005_010,a_070_080,D,defensive,,unknown,true,3,rebound,false,not_rush,false,goalie_in_net,shot-on-goal,52,1,"{""previous_team_shot_play_by_play_id"":1174638,""previous_team_shot_seconds_delta"":1,""rush_reason"":""not_rush"",""source"":""shot_attempt_facts_v1""}",2026-07-27 15:06:58,2026-07-27 17:12:07,false,false,
429,1174640,1174639,2025021230,643,20252026,2026-04-06,shot_attempt_facts_v1,missed-shot,missed_shot,true,true,false,false,52,55,8477938,8478916,,2,REG,p2,2057,,late_period,1551,EV,ev,3,1,2,leading_by_2_plus,83,26,26.68,-77.005,77.005,d_025_030,a_070_080,O,offensive,snap,snap,false,3,not_rebound,false,not_rush,false,goalie_in_net,blocked-shot,52,18,"{""previous_team_shot_play_by_play_id"":1174639,""previous_team_shot_seconds_delta"":18,""rush_reason"":""not_rush"",""source"":""shot_attempt_facts_v1""}",2026-07-27 15:06:58,2026-07-27 17:12:07,false,false,
430,1174645,1174644,2025021230,651,20252026,2026-04-06,shot_attempt_facts_v1,blocked-shot,blocked_shot,true,false,false,false,55,52,8477986,,8482765,2,REG,p2,2114,,late_period,1551,EV,ev,3,1,-2,trailing_by_2_plus,-59,-14,33.11,154.983,154.983,d_030_035,a_090_plus,D,defensive,,unknown,false,3,not_rebound,false,not_rush,false,goalie_in_net,hit,55,7,"{""previous_team_shot_play_by_play_id"":1174636,""previous_team_shot_seconds_delta"":109,""rush_reason"":""not_rush"",""source"":""shot_attempt_facts_v1""}",2026-07-27 15:06:58,2026-07-27 17:12:07,false,false,
431,1174646,1174645,2025021230,656,20252026,2026-04-06,shot_attempt_facts_v1,shot-on-goal,saved_shot,true,true,true,false,55,52,8480009,8476945,,2,REG,p2,2128,,late_period,1551,EV,ev,3,1,-2,trailing_by_2_plus,-78,-16,19.42,124.509,124.509,d_015_020,a_090_plus,O,offensive,wrist,wrist,false,3,not_rebound,false,not_rush,false,goalie_in_net,blocked-shot,55,14,"{""previous_team_shot_play_by_play_id"":1174645,""previous_team_shot_seconds_delta"":14,""rush_reason"":""not_rush"",""source"":""shot_attempt_facts_v1""}",2026-07-27 15:06:58,2026-07-27 17:12:07,false,false,
432,1174647,1174646,2025021230,658,20252026,2026-04-06,shot_attempt_facts_v1,missed-shot,missed_shot,true,true,false,false,55,52,8480009,8476945,,2,REG,p2,2130,,late_period,1551,EV,ev,3,1,-2,trailing_by_2_plus,-92,5,5.83,-59.036,59.036,d_005_010,a_050_060,O,offensive,wrist,wrist,true,3,rebound,false,not_rush,false,goalie_in_net,shot-on-goal,55,2,"{""previous_team_shot_play_by_play_id"":1174646,""previous_team_shot_seconds_delta"":2,""rush_reason"":""not_rush"",""source"":""shot_attempt_facts_v1""}",2026-07-27 15:06:58,2026-07-27 17:12:07,false,false,
433,1174648,1174647,2025021230,659,20252026,2026-04-06,shot_attempt_facts_v1,blocked-shot,blocked_shot,true,false,false,false,55,52,8482858,,8480196,2,REG,p2,2141,,late_period,1551,EV,ev,3,1,-2,trailing_by_2_plus,-82,-1,7.07,171.870,171.870,d_005_010,a_090_plus,D,defensive,,unknown,false,3,not_rebound,false,not_rush,false,goalie_in_net,missed-shot,55,11,"{""previous_team_shot_play_by_play_id"":1174647,""previous_team_shot_seconds_delta"":11,""rush_reason"":""not_rush"",""source"":""shot_attempt_facts_v1""}",2026-07-27 15:06:58,2026-07-27 17:12:07,false,false,
434,1174652,1174651,2025021230,668,20252026,2026-04-06,shot_attempt_facts_v1,missed-shot,missed_shot,true,true,false,false,55,52,8484800,8476945,,2,REG,p2,2210,,late_period,1551,EV,ev,3,1,-2,trailing_by_2_plus,-77,-20,23.32,120.964,120.964,d_020_025,a_090_plus,O,offensive,wrist,wrist,false,3,not_rebound,false,not_rush,false,goalie_in_net,takeaway,52,15,"{""previous_team_shot_play_by_play_id"":1174648,""previous_team_shot_seconds_delta"":69,""rush_reason"":""not_rush"",""source"":""shot_attempt_facts_v1""}",2026-07-27 15:06:58,2026-07-27 17:12:07,false,false,
435,1174653,1174652,2025021230,679,20252026,2026-04-06,shot_attempt_facts_v1,shot-on-goal,saved_shot,true,true,true,false,52,55,8480049,8478916,,2,REG,p2,2249,,late_period,1551,EV,ev,3,1,2,leading_by_2_plus,28,31,68.43,-26.940,26.940,d_060_plus,a_020_030,O,offensive,wrist,wrist,false,3,not_rebound,false,not_rush,false,goalie_in_net,missed-shot,55,39,"{""previous_team_shot_play_by_play_id"":1174640,""previous_team_shot_seconds_delta"":192,""rush_reason"":""not_rush"",""source"":""shot_attempt_facts_v1""}",2026-07-27 15:06:58,2026-07-27 17:12:07,false,false,
436,1174657,1174656,2025021230,685,20252026,2026-04-06,shot_attempt_facts_v1,blocked-shot,blocked_shot,true,false,false,false,52,55,8475799,,8477919,2,REG,p2,2272,,late_period,1551,EV,ev,3,1,2,leading_by_2_plus,53,5,36.35,-7.907,7.907,d_035_040,a_000_010,D,defensive,,unknown,false,3,not_rebound,false,not_rush,false,goalie_in_net,hit,55,7,"{""previous_team_shot_play_by_play_id"":1174653,""previous_team_shot_seconds_delta"":23,""rush_reason"":""not_rush"",""source"":""shot_attempt_facts_v1""}",2026-07-27 15:06:58,2026-07-27 17:12:07,false,false,
437,1174663,1174662,2025021230,704,20252026,2026-04-06,shot_attempt_facts_v1,shot-on-goal,saved_shot,true,true,true,false,55,52,8476457,8476945,,2,REG,p2,2388,,late_period,1551,EV,ev,3,1,-2,trailing_by_2_plus,-42,-17,49.98,160.115,160.115,d_045_050,a_090_plus,O,offensive,wrist,wrist,false,3,not_rebound,false,not_rush,false,goalie_in_net,giveaway,52,15,"{""previous_team_shot_play_by_play_id"":1174652,""previous_team_shot_seconds_delta"":178,""rush_reason"":""not_rush"",""source"":""shot_attempt_facts_v1""}",2026-07-27 15:06:58,2026-07-27 17:12:07,false,false,
438,1174667,1174666,2025021230,712,20252026,2026-04-06,shot_attempt_facts_v1,missed-shot,missed_shot,true,true,false,false,52,55,8476331,8478916,,3,REG,p3,2434,,early_period,1551,EV,ev,3,1,2,leading_by_2_plus,-28,25,65.92,-157.714,157.714,d_060_plus,a_090_plus,O,offensive,slap,slap,false,3,not_rebound,false,not_rush,false,goalie_in_net,faceoff,52,34,"{""previous_team_shot_play_by_play_id"":1174657,""previous_team_shot_seconds_delta"":162,""rush_reason"":""not_rush"",""source"":""shot_attempt_facts_v1""}",2026-07-27 15:06:58,2026-07-27 17:12:07,false,false,
439,1174673,1174672,2025021230,720,20252026,2026-04-06,shot_attempt_facts_v1,missed-shot,missed_shot,true,true,false,false,55,52,8482259,8476945,,3,REG,p3,2468,,early_period,1551,EV,ev,3,1,-2,trailing_by_2_plus,71,7,19.31,-21.251,21.251,d_015_020,a_020_030,O,offensive,wrist,wrist,false,3,not_rebound,false,not_rush,false,goalie_in_net,hit,55,11,"{""previous_team_shot_play_by_play_id"":1174663,""previous_team_shot_seconds_delta"":80,""rush_reason"":""not_rush"",""source"":""shot_attempt_facts_v1""}",2026-07-27 15:06:58,2026-07-27 17:12:07,false,false,
440,1174674,1174673,2025021230,722,20252026,2026-04-06,shot_attempt_facts_v1,blocked-shot,blocked_shot,true,false,false,false,55,52,8478407,,8476460,3,REG,p3,2474,,early_period,1551,EV,ev,3,1,-2,trailing_by_2_plus,48,16,44.01,-21.318,21.318,d_040_045,a_020_030,D,defensive,,unknown,false,3,not_rebound,false,not_rush,false,goalie_in_net,missed-shot,55,6,"{""previous_team_shot_play_by_play_id"":1174673,""previous_team_shot_seconds_delta"":6,""rush_reason"":""not_rush"",""source"":""shot_attempt_facts_v1""}",2026-07-27 15:06:58,2026-07-27 17:12:07,false,false,
441,1174677,1174676,2025021230,737,20252026,2026-04-06,shot_attempt_facts_v1,goal,goal,true,true,true,true,55,52,8477955,8476945,,3,REG,p3,2548,,early_period,1551,EV,ev,3,1,-2,trailing_by_2_plus,47,3,42.11,-4.086,4.086,d_040_045,a_000_010,O,offensive,wrist,wrist,false,3,not_rebound,true,rush_attempt,false,goalie_in_net,giveaway,52,5,"{""previous_team_shot_play_by_play_id"":1174674,""previous_team_shot_seconds_delta"":74,""rush_reason"":""direct_transition"",""source"":""shot_attempt_facts_v1""}",2026-07-27 15:06:58,2026-07-27 17:12:07,true,true,1174677
442,1174686,1174685,2025021230,770,20252026,2026-04-06,shot_attempt_facts_v1,shot-on-goal,saved_shot,true,true,true,false,55,52,8477955,8476945,,3,REG,p3,2677,,early_period,1551,EV,ev,3,2,-1,trailing_by_1,40,31,57.98,-32.320,32.320,d_055_060,a_030_040,O,offensive,wrist,wrist,false,3,not_rebound,false,not_rush,false,goalie_in_net,faceoff,55,7,"{""previous_team_shot_play_by_play_id"":1174677,""previous_team_shot_seconds_delta"":129,""rush_reason"":""not_rush"",""source"":""shot_attempt_facts_v1""}",2026-07-27 15:06:58,2026-07-27 17:12:07,false,false,
443,1174687,1174686,2025021230,773,20252026,2026-04-06,shot_attempt_facts_v1,shot-on-goal,saved_shot,true,true,true,false,52,55,8473604,8478916,,3,REG,p3,2689,,early_period,1551,EV,ev,3,2,1,leading_by_1,-42,-19,50.70,157.989,157.989,d_050_055,a_090_plus,O,offensive,wrist,wrist,false,3,not_rebound,false,not_rush,false,goalie_in_net,shot-on-goal,55,12,"{""previous_team_shot_play_by_play_id"":1174667,""previous_team_shot_seconds_delta"":255,""rush_reason"":""not_rush"",""source"":""shot_attempt_facts_v1""}",2026-07-27 15:06:58,2026-07-27 17:12:07,false,false,
444,1174692,1174691,2025021230,780,20252026,2026-04-06,shot_attempt_facts_v1,blocked-shot,blocked_shot,true,false,false,false,52,55,8482765,,8481043,3,REG,p3,2728,,early_period,1551,EV,ev,3,2,1,leading_by_1,-84,2,5.39,-158.199,158.199,d_005_010,a_090_plus,O,offensive,,unknown,false,3,not_rebound,false,not_rush,false,goalie_in_net,hit,55,10,"{""previous_team_shot_play_by_play_id"":1174687,""previous_team_shot_seconds_delta"":39,""rush_reason"":""not_rush"",""source"":""shot_attempt_facts_v1""}",2026-07-27 15:06:58,2026-07-27 17:12:07,false,false,
445,1174693,1174692,2025021230,790,20252026,2026-04-06,shot_attempt_facts_v1,goal,goal,true,true,true,true,52,55,8483471,8478916,,3,REG,p3,2759,,early_period,1551,EV,ev,3,2,1,leading_by_1,-67,19,29.07,-139.185,139.185,d_025_030,a_090_plus,O,offensive,wrist,wrist,false,3,not_rebound,false,not_rush,false,goalie_in_net,blocked-shot,52,31,"{""previous_team_shot_play_by_play_id"":1174692,""previous_team_shot_seconds_delta"":31,""rush_reason"":""not_rush"",""source"":""shot_attempt_facts_v1""}",2026-07-27 15:06:58,2026-07-27 17:12:07,false,false,
446,1174695,1174694,2025021230,851,20252026,2026-04-06,shot_attempt_facts_v1,blocked-shot,blocked_shot,true,false,false,false,55,52,8482259,,8476331,3,REG,p3,2785,,early_period,1551,EV,ev,4,2,-2,trailing_by_2_plus,71,-34,38.47,62.103,62.103,d_035_040,a_060_070,D,defensive,,unknown,false,3,not_rebound,false,not_rush,false,goalie_in_net,faceoff,52,26,"{""previous_team_shot_play_by_play_id"":1174686,""previous_team_shot_seconds_delta"":108,""rush_reason"":""not_rush"",""source"":""shot_attempt_facts_v1""}",2026-07-27 15:06:58,2026-07-27 17:12:07,false,false,
447,1174697,1174696,2025021230,806,20252026,2026-04-06,shot_attempt_facts_v1,missed-shot,missed_shot,true,true,false,false,52,55,8480049,8478916,,3,REG,p3,2831,,middle_period,1551,EV,ev,4,2,2,leading_by_2_plus,-40,-38,62.01,142.206,142.206,d_060_plus,a_090_plus,O,offensive,slap,slap,false,3,not_rebound,false,not_rush,false,goalie_in_net,giveaway,55,10,"{""previous_team_shot_play_by_play_id"":1174693,""previous_team_shot_seconds_delta"":72,""rush_reason"":""not_rush"",""source"":""shot_attempt_facts_v1""}",2026-07-27 15:06:58,2026-07-27 17:12:07,false,false,
448,1174700,1174699,2025021230,813,20252026,2026-04-06,shot_attempt_facts_v1,missed-shot,missed_shot,true,true,false,false,55,52,8480009,8476945,,3,REG,p3,2848,,middle_period,1551,EV,ev,4,2,-2,trailing_by_2_plus,80,4,9.85,-23.962,23.962,d_005_010,a_020_030,O,offensive,tip-in,tip,false,3,not_rebound,false,not_rush,false,goalie_in_net,faceoff,52,15,"{""previous_team_shot_play_by_play_id"":1174695,""previous_team_shot_seconds_delta"":63,""rush_reason"":""not_rush"",""source"":""shot_attempt_facts_v1""}",2026-07-27 15:06:58,2026-07-27 17:12:07,false,false,
449,1174703,1174702,2025021230,817,20252026,2026-04-06,shot_attempt_facts_v1,missed-shot,missed_shot,true,true,false,false,55,52,8482858,8476945,,3,REG,p3,2869,,middle_period,1551,EV,ev,4,2,-2,trailing_by_2_plus,35,20,57.58,-20.323,20.323,d_055_060,a_020_030,O,offensive,slap,slap,false,3,not_rebound,false,not_rush,false,goalie_in_net,faceoff,55,2,"{""previous_team_shot_play_by_play_id"":1174700,""previous_team_shot_seconds_delta"":21,""rush_reason"":""not_rush"",""source"":""shot_attempt_facts_v1""}",2026-07-27 15:06:58,2026-07-27 17:12:07,false,false,
450,1174704,1174703,2025021230,818,20252026,2026-04-06,shot_attempt_facts_v1,shot-on-goal,saved_shot,true,true,true,false,52,55,8480113,8478916,,3,REG,p3,2884,,middle_period,1551,EV,ev,4,2,2,leading_by_2_plus,-62,-18,32.45,146.310,146.310,d_030_035,a_090_plus,O,offensive,snap,snap,false,3,not_rebound,false,not_rush,false,goalie_in_net,missed-shot,55,15,"{""previous_team_shot_play_by_play_id"":1174697,""previous_team_shot_seconds_delta"":53,""rush_reason"":""not_rush"",""source"":""shot_attempt_facts_v1""}",2026-07-27 15:06:58,2026-07-27 17:12:07,false,false,
451,1174707,1174706,2025021230,825,20252026,2026-04-06,shot_attempt_facts_v1,shot-on-goal,saved_shot,true,true,true,false,55,52,8484168,8476945,,3,REG,p3,2922,,middle_period,1551,EV,ev,4,2,-2,trailing_by_2_plus,62,-13,29.97,25.710,25.710,d_025_030,a_020_030,O,offensive,wrist,wrist,false,3,not_rebound,false,not_rush,false,goalie_in_net,faceoff,55,36,"{""previous_team_shot_play_by_play_id"":1174703,""previous_team_shot_seconds_delta"":53,""rush_reason"":""not_rush"",""source"":""shot_attempt_facts_v1""}",2026-07-27 15:06:58,2026-07-27 17:12:07,false,false,
452,1174709,1174708,2025021230,835,20252026,2026-04-06,shot_attempt_facts_v1,shot-on-goal,saved_shot,true,true,true,false,55,52,8474586,8476945,,3,REG,p3,2942,,middle_period,1551,EV,ev,4,2,-2,trailing_by_2_plus,75,-19,23.60,53.616,53.616,d_020_025,a_050_060,O,offensive,slap,slap,false,3,not_rebound,false,not_rush,false,goalie_in_net,giveaway,52,14,"{""previous_team_shot_play_by_play_id"":1174707,""previous_team_shot_seconds_delta"":20,""rush_reason"":""not_rush"",""source"":""shot_attempt_facts_v1""}",2026-07-27 15:06:58,2026-07-27 17:12:07,false,false,
453,1174710,1174709,2025021230,836,20252026,2026-04-06,shot_attempt_facts_v1,shot-on-goal,saved_shot,true,true,true,false,52,55,8476392,8478916,,3,REG,p3,2956,,middle_period,1551,EV,ev,4,2,2,leading_by_2_plus,-67,-5,22.56,167.196,167.196,d_020_025,a_090_plus,O,offensive,tip-in,tip,false,3,not_rebound,false,not_rush,false,goalie_in_net,shot-on-goal,55,14,"{""previous_team_shot_play_by_play_id"":1174704,""previous_team_shot_seconds_delta"":72,""rush_reason"":""not_rush"",""source"":""shot_attempt_facts_v1""}",2026-07-27 15:06:58,2026-07-27 17:12:07,false,false,
454,1174718,1174717,2025021230,848,20252026,2026-04-06,shot_attempt_facts_v1,shot-on-goal,saved_shot,true,true,true,false,52,55,8480014,8478916,,3,REG,p3,3020,,middle_period,1551,EV,ev,4,2,2,leading_by_2_plus,-70,21,28.32,-132.138,132.138,d_025_030,a_090_plus,O,offensive,wrist,wrist,false,3,not_rebound,false,not_rush,false,goalie_in_net,hit,52,28,"{""previous_team_shot_play_by_play_id"":1174710,""previous_team_shot_seconds_delta"":64,""rush_reason"":""not_rush"",""source"":""shot_attempt_facts_v1""}",2026-07-27 15:06:58,2026-07-27 17:12:07,false,false,
455,1174725,1174724,2025021230,916,20252026,2026-04-06,shot_attempt_facts_v1,shot-on-goal,saved_shot,true,true,true,false,52,55,8480145,8478916,,3,REG,p3,3093,,middle_period,1551,EV,ev,4,2,2,leading_by_2_plus,-57,38,49.68,-130.101,130.101,d_045_050,a_090_plus,O,offensive,wrist,wrist,false,3,not_rebound,false,not_rush,false,goalie_in_net,hit,52,20,"{""previous_team_shot_play_by_play_id"":1174718,""previous_team_shot_seconds_delta"":73,""rush_reason"":""not_rush"",""source"":""shot_attempt_facts_v1""}",2026-07-27 15:06:58,2026-07-27 17:12:07,false,false,
456,1174726,1174725,2025021230,311,20252026,2026-04-06,shot_attempt_facts_v1,missed-shot,missed_shot,true,true,false,false,52,55,8480113,8478916,,3,REG,p3,3095,,middle_period,1551,EV,ev,4,2,2,leading_by_2_plus,-80,7,11.40,-142.125,142.125,d_010_015,a_090_plus,O,offensive,snap,snap,true,3,rebound,false,not_rush,false,goalie_in_net,shot-on-goal,52,2,"{""previous_team_shot_play_by_play_id"":1174725,""previous_team_shot_seconds_delta"":2,""rush_reason"":""not_rush"",""source"":""shot_attempt_facts_v1""}",2026-07-27 15:06:58,2026-07-27 17:12:07,false,false,
457,1174727,1174726,2025021230,927,20252026,2026-04-06,shot_attempt_facts_v1,blocked-shot,blocked_shot,true,false,false,false,55,52,8478407,,8481043,3,REG,p3,3140,,middle_period,1551,EV,ev,4,2,-2,trailing_by_2_plus,63,19,32.20,-36.158,36.158,d_030_035,a_030_040,D,defensive,,unknown,false,3,not_rebound,false,not_rush,false,goalie_in_net,missed-shot,52,45,"{""previous_team_shot_play_by_play_id"":1174709,""previous_team_shot_seconds_delta"":198,""rush_reason"":""not_rush"",""source"":""shot_attempt_facts_v1""}",2026-07-27 15:06:58,2026-07-27 17:12:07,false,false,
458,1174729,1174728,2025021230,928,20252026,2026-04-06,shot_attempt_facts_v1,shot-on-goal,saved_shot,true,true,true,false,55,52,8480009,8476945,,3,REG,p3,3150,,middle_period,1551,EV,ev,4,2,-2,trailing_by_2_plus,41,1,48.01,-1.193,1.193,d_045_050,a_000_010,O,offensive,slap,slap,false,3,not_rebound,true,rush_attempt,false,goalie_in_net,hit,52,6,"{""previous_team_shot_play_by_play_id"":1174727,""previous_team_shot_seconds_delta"":10,""rush_reason"":""direct_transition"",""source"":""shot_attempt_facts_v1""}",2026-07-27 15:06:58,2026-07-27 17:12:07,true,true,1174729
459,1174731,1174730,2025021230,937,20252026,2026-04-06,shot_attempt_facts_v1,missed-shot,missed_shot,true,true,false,false,55,52,8484800,8476945,,3,REG,p3,3174,,middle_period,1551,EV,ev,4,2,-2,trailing_by_2_plus,41,15,50.29,-17.354,17.354,d_050_055,a_010_020,O,offensive,wrist,wrist,false,3,not_rebound,false,not_rush,false,goalie_in_net,hit,55,18,"{""previous_team_shot_play_by_play_id"":1174729,""previous_team_shot_seconds_delta"":24,""rush_reason"":""not_rush"",""source"":""shot_attempt_facts_v1""}",2026-07-27 15:06:58,2026-07-27 17:12:07,false,false,
460,1174735,1174734,2025021230,941,20252026,2026-04-06,shot_attempt_facts_v1,missed-shot,missed_shot,true,true,false,false,55,52,8484168,8476945,,3,REG,p3,3212,,late_period,1551,EV,ev,4,2,-2,trailing_by_2_plus,73,-3,16.28,10.620,10.620,d_015_020,a_010_020,O,offensive,wrist,wrist,false,3,not_rebound,true,rush_attempt,false,goalie_in_net,hit,52,2,"{""previous_team_shot_play_by_play_id"":1174731,""previous_team_shot_seconds_delta"":38,""rush_reason"":""direct_transition"",""source"":""shot_attempt_facts_v1""}",2026-07-27 15:06:58,2026-07-27 17:12:07,true,true,1174735
461,1174736,1174735,2025021230,942,20252026,2026-04-06,shot_attempt_facts_v1,shot-on-goal,saved_shot,true,true,true,false,55,52,8477986,8476945,,3,REG,p3,3216,,late_period,1551,EV,ev,4,2,-2,trailing_by_2_plus,35,-21,57.94,21.251,21.251,d_055_060,a_020_030,O,offensive,slap,slap,false,3,not_rebound,false,not_rush,false,goalie_in_net,missed-shot,55,4,"{""previous_team_shot_play_by_play_id"":1174735,""previous_team_shot_seconds_delta"":4,""rush_reason"":""not_rush"",""source"":""shot_attempt_facts_v1""}",2026-07-27 15:06:58,2026-07-27 17:12:07,false,false,
462,1174740,1174739,2025021230,949,20252026,2026-04-06,shot_attempt_facts_v1,shot-on-goal,saved_shot,true,true,true,false,52,55,8483471,8478916,,3,REG,p3,3231,,late_period,1551,EV,ev,4,2,2,leading_by_2_plus,-64,-14,28.65,150.751,150.751,d_025_030,a_090_plus,O,offensive,wrist,wrist,false,3,not_rebound,false,not_rush,false,goalie_in_net,hit,52,3,"{""previous_team_shot_play_by_play_id"":1174726,""previous_team_shot_seconds_delta"":136,""rush_reason"":""not_rush"",""source"":""shot_attempt_facts_v1""}",2026-07-27 15:06:58,2026-07-27 17:12:07,false,false,
463,1174741,1174740,2025021230,955,20252026,2026-04-06,shot_attempt_facts_v1,shot-on-goal,saved_shot,true,true,true,false,55,52,8477955,8476945,,3,REG,p3,3263,,late_period,1551,EV,ev,4,2,-2,trailing_by_2_plus,79,-2,10.20,11.310,11.310,d_010_015,a_010_020,O,offensive,tip-in,tip,false,3,not_rebound,false,not_rush,false,goalie_in_net,shot-on-goal,52,32,"{""previous_team_shot_play_by_play_id"":1174736,""previous_team_shot_seconds_delta"":47,""rush_reason"":""not_rush"",""source"":""shot_attempt_facts_v1""}",2026-07-27 15:06:58,2026-07-27 17:12:07,false,false,
464,1174745,1174744,2025021230,964,20252026,2026-04-06,shot_attempt_facts_v1,shot-on-goal,saved_shot,true,true,true,false,52,55,8480113,8478916,,3,REG,p3,3311,,final_5,1551,EV,ev,4,2,2,leading_by_2_plus,-83,-3,6.71,153.435,153.435,d_005_010,a_090_plus,O,offensive,slap,slap,false,3,not_rebound,false,not_rush,false,goalie_in_net,giveaway,55,22,"{""previous_team_shot_play_by_play_id"":1174740,""previous_team_shot_seconds_delta"":80,""rush_reason"":""not_rush"",""source"":""shot_attempt_facts_v1""}",2026-07-27 15:06:58,2026-07-27 17:12:07,false,false,
465,1174746,1174745,2025021230,312,20252026,2026-04-06,shot_attempt_facts_v1,missed-shot,missed_shot,true,true,false,false,52,55,8478398,8478916,,3,REG,p3,3315,,final_5,1551,EV,ev,4,2,2,leading_by_2_plus,-84,-11,12.08,114.444,114.444,d_010_015,a_090_plus,O,offensive,backhand,backhand,false,3,not_rebound,false,not_rush,false,goalie_in_net,shot-on-goal,52,4,"{""previous_team_shot_play_by_play_id"":1174745,""previous_team_shot_seconds_delta"":4,""rush_reason"":""not_rush"",""source"":""shot_attempt_facts_v1""}",2026-07-27 15:06:58,2026-07-27 17:12:07,false,false,
466,1174747,1174746,2025021230,967,20252026,2026-04-06,shot_attempt_facts_v1,goal,goal,true,true,true,true,52,55,8478398,8478916,,3,REG,p3,3319,,final_5,1551,EV,ev,4,2,2,leading_by_2_plus,-75,-16,21.26,131.186,131.186,d_020_025,a_090_plus,O,offensive,snap,snap,false,3,not_rebound,false,not_rush,false,goalie_in_net,missed-shot,52,4,"{""previous_team_shot_play_by_play_id"":1174746,""previous_team_shot_seconds_delta"":4,""rush_reason"":""not_rush"",""source"":""shot_attempt_facts_v1""}",2026-07-27 15:06:58,2026-07-27 17:12:07,false,false,
467,1174749,1174748,2025021230,977,20252026,2026-04-06,shot_attempt_facts_v1,blocked-shot,blocked_shot,true,false,false,false,55,52,8482858,,8482765,3,REG,p3,3347,,final_5,1551,EV,ev,5,2,-3,trailing_by_2_plus,37,33,61.59,-32.400,32.400,d_060_plus,a_030_040,D,defensive,,unknown,false,3,not_rebound,false,not_rush,false,goalie_in_net,faceoff,52,28,"{""previous_team_shot_play_by_play_id"":1174741,""previous_team_shot_seconds_delta"":84,""rush_reason"":""not_rush"",""source"":""shot_attempt_facts_v1""}",2026-07-27 15:06:58,2026-07-27 17:12:07,false,false,
468,1174750,1174749,2025021230,313,20252026,2026-04-06,shot_attempt_facts_v1,missed-shot,missed_shot,true,true,false,false,55,52,8482858,8476945,,3,REG,p3,3353,,final_5,1551,EV,ev,5,2,-3,trailing_by_2_plus,35,29,61.29,-28.237,28.237,d_060_plus,a_020_030,O,offensive,slap,slap,false,3,not_rebound,true,rush_attempt,false,goalie_in_net,blocked-shot,55,6,"{""previous_team_shot_play_by_play_id"":1174749,""previous_team_shot_seconds_delta"":6,""rush_reason"":""direct_transition"",""source"":""shot_attempt_facts_v1""}",2026-07-27 15:06:58,2026-07-27 17:12:07,true,true,1174750
469,1174751,1174750,2025021230,979,20252026,2026-04-06,shot_attempt_facts_v1,shot-on-goal,saved_shot,true,true,true,false,52,55,8481043,8478916,,3,REG,p3,3360,,final_5,1551,EV,ev,5,2,3,leading_by_2_plus,-71,-20,26.91,131.987,131.987,d_025_030,a_090_plus,O,offensive,wrist,wrist,false,3,not_rebound,false,not_rush,false,goalie_in_net,missed-shot,55,7,"{""previous_team_shot_play_by_play_id"":1174747,""previous_team_shot_seconds_delta"":41,""rush_reason"":""not_rush"",""source"":""shot_attempt_facts_v1""}",2026-07-27 15:06:58,2026-07-27 17:12:07,false,false,
470,1174752,1174751,2025021230,986,20252026,2026-04-06,shot_attempt_facts_v1,blocked-shot,blocked_shot,true,false,false,false,55,52,8484168,,8477938,3,REG,p3,3379,,final_5,1551,EV,ev,5,2,-3,trailing_by_2_plus,44,30,54.08,-33.690,33.690,d_050_055,a_030_040,D,defensive,,unknown,false,3,not_rebound,false,not_rush,false,goalie_in_net,shot-on-goal,52,19,"{""previous_team_shot_play_by_play_id"":1174750,""previous_team_shot_seconds_delta"":26,""rush_reason"":""not_rush"",""source"":""shot_attempt_facts_v1""}",2026-07-27 15:06:58,2026-07-27 17:12:07,false,false,
471,1174755,1174754,2025021230,990,20252026,2026-04-06,shot_attempt_facts_v1,missed-shot,missed_shot,true,true,false,false,52,55,8480014,8478916,,3,REG,p3,3400,,final_5,1551,EV,ev,5,2,3,leading_by_2_plus,-84,-4,6.40,141.340,141.340,d_005_010,a_090_plus,O,offensive,wrist,wrist,false,3,not_rebound,true,rush_attempt,false,goalie_in_net,giveaway,52,8,"{""previous_team_shot_play_by_play_id"":1174751,""previous_team_shot_seconds_delta"":40,""rush_reason"":""direct_transition"",""source"":""shot_attempt_facts_v1""}",2026-07-27 15:06:58,2026-07-27 17:12:07,true,true,1174755
472,1174757,1174756,2025021230,998,20252026,2026-04-06,shot_attempt_facts_v1,missed-shot,missed_shot,true,true,false,false,55,52,8477986,8476945,,3,REG,p3,3455,,final_5,0651,EV,ev,5,2,-3,trailing_by_2_plus,70,31,36.36,-58.496,58.496,d_035_040,a_050_060,O,offensive,slap,slap,false,3,not_rebound,false,not_rush,false,goalie_in_net,hit,52,13,"{""previous_team_shot_play_by_play_id"":1174752,""previous_team_shot_seconds_delta"":76,""rush_reason"":""not_rush"",""source"":""shot_attempt_facts_v1""}",2026-07-27 15:06:58,2026-07-27 17:12:07,false,false,
473,1174758,1174757,2025021230,314,20252026,2026-04-06,shot_attempt_facts_v1,goal,goal,true,true,true,true,52,55,8476480,,,3,REG,p3,3476,,final_5,0651,EV,en,5,2,3,leading_by_2_plus,10,-38,106.04,159.001,159.001,d_060_plus,a_090_plus,N,neutral,wrist,wrist,false,3,not_rebound,false,not_rush,true,empty_net,missed-shot,55,21,"{""previous_team_shot_play_by_play_id"":1174755,""previous_team_shot_seconds_delta"":76,""rush_reason"":""empty_net_excluded"",""source"":""shot_attempt_facts_v1""}",2026-07-27 15:06:58,2026-07-27 17:12:07,false,false,
474,1174760,1174759,2025021230,1025,20252026,2026-04-06,shot_attempt_facts_v1,blocked-shot,blocked_shot,true,false,false,false,55,52,8479324,,8483471,3,REG,p3,3563,,final_5,1551,EV,ev,6,2,-4,trailing_by_2_plus,69,19,27.59,-43.531,43.531,d_025_030,a_040_050,D,defensive,,unknown,false,3,not_rebound,false,not_rush,false,goalie_in_net,faceoff,52,87,"{""previous_team_shot_play_by_play_id"":1174757,""previous_team_shot_seconds_delta"":108,""rush_reason"":""not_rush"",""source"":""shot_attempt_facts_v1""}",2026-07-27 15:06:58,2026-07-27 17:12:07,false,false,
475,1174767,1174766,2025021231,55,20252026,2026-04-06,shot_attempt_facts_v1,blocked-shot,blocked_shot,true,false,false,false,16,28,8484144,,8475200,1,REG,p1,47,,early_period,1551,EV,ev,0,0,0,tied,-58,16,34.89,-152.700,152.700,d_030_035,a_090_plus,D,defensive,,unknown,false,3,not_rebound,false,not_rush,false,goalie_in_net,faceoff,16,47,"{""previous_team_shot_play_by_play_id"":null,""previous_team_shot_seconds_delta"":null,""rush_reason"":""not_rush"",""source"":""shot_attempt_facts_v1""}",2026-07-27 15:06:58,2026-07-27 17:12:07,false,false,
476,1174773,1174772,2025021231,72,20252026,2026-04-06,shot_attempt_facts_v1,blocked-shot,blocked_shot,true,false,false,false,16,28,8483466,,8483493,1,REG,p1,124,,early_period,1551,EV,ev,0,0,0,tied,-80,0,9.00,180.000,180.000,d_005_010,a_090_plus,D,defensive,,unknown,false,3,not_rebound,false,not_rush,false,goalie_in_net,hit,28,16,"{""previous_team_shot_play_by_play_id"":1174767,""previous_team_shot_seconds_delta"":77,""rush_reason"":""not_rush"",""source"":""shot_attempt_facts_v1""}",2026-07-27 15:06:58,2026-07-27 17:12:07,false,false,
477,1174774,1174773,2025021231,73,20252026,2026-04-06,shot_attempt_facts_v1,shot-on-goal,saved_shot,true,true,true,false,16,28,8483493,8477968,,1,REG,p1,126,,early_period,1551,EV,ev,0,0,0,tied,-75,8,16.12,-150.255,150.255,d_015_020,a_090_plus,O,offensive,wrist,wrist,true,3,rebound,true,rush_attempt,false,goalie_in_net,blocked-shot,16,2,"{""previous_team_shot_play_by_play_id"":1174773,""previous_team_shot_seconds_delta"":2,""rush_reason"":""direct_transition"",""source"":""shot_attempt_facts_v1""}",2026-07-27 15:06:58,2026-07-27 17:12:07,true,true,1174774
478,1174775,1174774,2025021231,76,20252026,2026-04-06,shot_attempt_facts_v1,shot-on-goal,saved_shot,true,true,true,false,28,16,8475181,8481519,,1,REG,p1,156,,early_period,1551,EV,ev,0,0,0,tied,38,-9,51.79,10.008,10.008,d_050_055,a_010_020,O,offensive,slap,slap,false,3,not_rebound,false,not_rush,false,goalie_in_net,shot-on-goal,16,30,"{""previous_team_shot_play_by_play_id"":null,""previous_team_shot_seconds_delta"":null,""rush_reason"":""not_rush"",""source"":""shot_attempt_facts_v1""}",2026-07-27 15:06:58,2026-07-27 17:12:07,false,false,
479,1174776,1174775,2025021231,85,20252026,2026-04-06,shot_attempt_facts_v1,blocked-shot,blocked_shot,true,false,false,false,28,16,8484806,,8481568,1,REG,p1,185,,early_period,1551,EV,ev,0,0,0,tied,80,-2,9.22,12.529,12.529,d_005_010,a_010_020,D,defensive,,unknown,false,3,not_rebound,false,not_rush,false,goalie_in_net,shot-on-goal,28,29,"{""previous_team_shot_play_by_play_id"":1174775,""previous_team_shot_seconds_delta"":29,""rush_reason"":""not_rush"",""source"":""shot_attempt_facts_v1""}",2026-07-27 15:06:58,2026-07-27 17:12:07,false,false,
480,1174778,1174777,2025021231,99,20252026,2026-04-06,shot_attempt_facts_v1,blocked-shot,blocked_shot,true,false,false,false,28,16,8479576,,8483506,1,REG,p1,244,,early_period,1551,EV,ev,0,0,0,tied,74,-7,16.55,25.017,25.017,d_015_020,a_020_030,D,defensive,,unknown,false,3,not_rebound,false,not_rush,false,goalie_in_net,hit,28,57,"{""previous_team_shot_play_by_play_id"":1174776,""previous_team_shot_seconds_delta"":59,""rush_reason"":""not_rush"",""source"":""shot_attempt_facts_v1""}",2026-07-27 15:06:58,2026-07-27 17:12:07,false,false,
481,1174779,1174778,2025021231,100,20252026,2026-04-06,shot_attempt_facts_v1,missed-shot,missed_shot,true,true,false,false,28,16,8484227,8481519,,1,REG,p1,246,,early_period,1551,EV,ev,0,0,0,tied,72,-17,24.04,45.000,45.000,d_020_025,a_040_050,O,offensive,wrist,wrist,true,3,rebound,true,rush_attempt,false,goalie_in_net,blocked-shot,28,2,"{""previous_team_shot_play_by_play_id"":1174778,""previous_team_shot_seconds_delta"":2,""rush_reason"":""direct_transition"",""source"":""shot_attempt_facts_v1""}",2026-07-27 15:06:58,2026-07-27 17:12:07,true,true,1174779
482,1174780,1174779,2025021231,104,20252026,2026-04-06,shot_attempt_facts_v1,missed-shot,missed_shot,true,true,false,false,28,16,8484911,8481519,,1,REG,p1,265,,early_period,1551,EV,ev,0,0,0,tied,81,3,8.54,-20.556,20.556,d_005_010,a_020_030,O,offensive,backhand,backhand,false,3,not_rebound,false,not_rush,false,goalie_in_net,missed-shot,28,19,"{""previous_team_shot_play_by_play_id"":1174779,""previous_team_shot_seconds_delta"":19,""rush_reason"":""not_rush"",""source"":""shot_attempt_facts_v1""}",2026-07-27 15:06:58,2026-07-27 17:12:07,false,false,
483,1174786,1174785,2025021231,113,20252026,2026-04-06,shot_attempt_facts_v1,blocked-shot,blocked_shot,true,false,false,false,28,16,8479983,,8483466,1,REG,p1,310,,early_period,1551,EV,ev,0,0,0,tied,62,-9,28.46,18.435,18.435,d_025_030,a_010_020,D,defensive,,unknown,false,3,not_rebound,false,not_rush,false,goalie_in_net,hit,28,21,"{""previous_team_shot_play_by_play_id"":1174780,""previous_team_shot_seconds_delta"":45,""rush_reason"":""not_rush"",""source"":""shot_attempt_facts_v1""}",2026-07-27 15:06:58,2026-07-27 17:12:07,false,false,
484,1174789,1174788,2025021231,124,20252026,2026-04-06,shot_attempt_facts_v1,missed-shot,missed_shot,true,true,false,false,28,16,8480748,8481519,,1,REG,p1,365,,early_period,1551,EV,ev,0,0,0,tied,79,-4,10.77,21.801,21.801,d_010_015,a_020_030,O,offensive,deflected,deflection,false,3,not_rebound,false,not_rush,false,goalie_in_net,giveaway,16,23,"{""previous_team_shot_play_by_play_id"":1174786,""previous_team_shot_seconds_delta"":55,""rush_reason"":""not_rush"",""source"":""shot_attempt_facts_v1""}",2026-07-27 15:06:58,2026-07-27 17:12:07,false,false,
485,1174793,1174792,2025021231,135,20252026,2026-04-06,shot_attempt_facts_v1,shot-on-goal,saved_shot,true,true,true,false,16,28,8484185,8477968,,1,REG,p1,400,,middle_period,1551,EV,ev,0,0,0,tied,-53,19,40.71,-152.176,152.176,d_040_045,a_090_plus,O,offensive,wrist,wrist,false,3,not_rebound,false,not_rush,false,goalie_in_net,faceoff,16,1,"{""previous_team_shot_play_by_play_id"":1174774,""previous_team_shot_seconds_delta"":274,""rush_reason"":""not_rush"",""source"":""shot_attempt_facts_v1""}",2026-07-27 15:06:58,2026-07-27 17:12:07,false,false,
486,1174798,1174797,2025021231,149,20252026,2026-04-06,shot_attempt_facts_v1,shot-on-goal,saved_shot,true,true,true,false,28,16,8479983,8481519,,1,REG,p1,440,,middle_period,1541,PK,pk,0,0,0,tied,-64,-34,156.73,12.529,12.529,d_060_plus,a_010_020,D,defensive,backhand,backhand,false,3,not_rebound,false,not_rush,false,goalie_in_net,faceoff,16,20,"{""previous_team_shot_play_by_play_id"":1174789,""previous_team_shot_seconds_delta"":75,""rush_reason"":""not_rush"",""source"":""shot_attempt_facts_v1""}",2026-07-27 15:06:58,2026-07-27 17:12:07,false,false,
487,1174799,1174798,2025021231,150,20252026,2026-04-06,shot_attempt_facts_v1,missed-shot,missed_shot,true,true,false,false,16,28,8484144,8477968,,1,REG,p1,458,,middle_period,1541,PP,pp,0,0,0,tied,-45,-7,44.55,170.961,170.961,d_040_045,a_090_plus,O,offensive,wrist,wrist,false,3,not_rebound,false,not_rush,false,goalie_in_net,shot-on-goal,28,18,"{""previous_team_shot_play_by_play_id"":1174793,""previous_team_shot_seconds_delta"":58,""rush_reason"":""not_rush"",""source"":""shot_attempt_facts_v1""}",2026-07-27 15:06:58,2026-07-27 17:12:07,false,false,
488,1174800,1174799,2025021231,207,20252026,2026-04-06,shot_attempt_facts_v1,shot-on-goal,saved_shot,true,true,true,false,16,28,8483493,8477968,,1,REG,p1,539,,middle_period,1541,PP,pp,0,0,0,tied,-67,-15,26.63,145.713,145.713,d_025_030,a_090_plus,O,offensive,slap,slap,false,3,not_rebound,false,not_rush,false,goalie_in_net,missed-shot,16,81,"{""previous_team_shot_play_by_play_id"":1174799,""previous_team_shot_seconds_delta"":81,""rush_reason"":""not_rush"",""source"":""shot_attempt_facts_v1""}",2026-07-27 15:06:58,2026-07-27 17:12:07,false,false,
489,1174801,1174800,2025021231,208,20252026,2026-04-06,shot_attempt_facts_v1,goal,goal,true,true,true,true,16,28,8477987,8477968,,1,REG,p1,541,,middle_period,1551,EV,ev,0,0,0,tied,-84,4,6.40,-141.340,141.340,d_005_010,a_090_plus,O,offensive,wrist,wrist,true,3,rebound,false,not_rush,false,goalie_in_net,shot-on-goal,16,2,"{""previous_team_shot_play_by_play_id"":1174800,""previous_team_shot_seconds_delta"":2,""rush_reason"":""not_rush"",""source"":""shot_attempt_facts_v1""}",2026-07-27 15:06:58,2026-07-27 17:12:07,false,false,
490,1174809,1174808,2025021231,237,20252026,2026-04-06,shot_attempt_facts_v1,missed-shot,missed_shot,true,true,false,false,16,28,8484144,8477968,,1,REG,p1,685,,middle_period,1551,EV,ev,0,1,1,leading_by_1,-85,-22,22.36,100.305,100.305,d_020_025,a_090_plus,O,offensive,wrist,wrist,false,3,not_rebound,true,rush_attempt,false,goalie_in_net,takeaway,16,1,"{""previous_team_shot_play_by_play_id"":1174801,""previous_team_shot_seconds_delta"":144,""rush_reason"":""direct_transition"",""source"":""shot_attempt_facts_v1""}",2026-07-27 15:06:58,2026-07-27 17:12:07,true,true,1174809
491,1174811,1174810,2025021231,249,20252026,2026-04-06,shot_attempt_facts_v1,shot-on-goal,saved_shot,true,true,true,false,16,28,8483506,8477968,,1,REG,p1,756,,middle_period,1551,EV,ev,0,1,1,leading_by_1,-54,12,37.00,-161.075,161.075,d_035_040,a_090_plus,O,offensive,wrist,wrist,false,3,not_rebound,false,not_rush,false,goalie_in_net,giveaway,16,44,"{""previous_team_shot_play_by_play_id"":1174809,""previous_team_shot_seconds_delta"":71,""rush_reason"":""not_rush"",""source"":""shot_attempt_facts_v1""}",2026-07-27 15:06:58,2026-07-27 17:12:07,false,false,
492,1174814,1174813,2025021231,309,20252026,2026-04-06,shot_attempt_facts_v1,shot-on-goal,saved_shot,true,true,true,false,16,28,8477479,8477968,,1,REG,p1,768,,middle_period,1551,EV,ev,0,1,1,leading_by_1,-75,5,14.87,-160.346,160.346,d_010_015,a_090_plus,O,offensive,wrist,wrist,false,3,not_rebound,false,not_rush,false,goalie_in_net,faceoff,28,10,"{""previous_team_shot_play_by_play_id"":1174811,""previous_team_shot_seconds_delta"":12,""rush_reason"":""not_rush"",""source"":""shot_attempt_facts_v1""}",2026-07-27 15:06:58,2026-07-27 17:12:07,false,false,
493,1174817,1174816,2025021231,315,20252026,2026-04-06,shot_attempt_facts_v1,blocked-shot,blocked_shot,true,false,false,false,16,28,8477479,,8485402,1,REG,p1,780,,middle_period,1551,EV,ev,0,1,1,leading_by_1,-81,14,16.12,-119.745,119.745,d_015_020,a_090_plus,D,defensive,,unknown,false,3,not_rebound,false,not_rush,false,goalie_in_net,faceoff,28,10,"{""previous_team_shot_play_by_play_id"":1174814,""previous_team_shot_seconds_delta"":12,""rush_reason"":""not_rush"",""source"":""shot_attempt_facts_v1""}",2026-07-27 15:06:58,2026-07-27 17:12:07,false,false,
494,1174818,1174817,2025021231,316,20252026,2026-04-06,shot_attempt_facts_v1,missed-shot,missed_shot,true,true,false,false,16,28,8481568,8477968,,1,REG,p1,793,,middle_period,1551,EV,ev,0,1,1,leading_by_1,-53,-4,36.22,173.660,173.660,d_035_040,a_090_plus,O,offensive,wrist,wrist,false,3,not_rebound,false,not_rush,false,goalie_in_net,blocked-shot,16,13,"{""previous_team_shot_play_by_play_id"":1174817,""previous_team_shot_seconds_delta"":13,""rush_reason"":""not_rush"",""source"":""shot_attempt_facts_v1""}",2026-07-27 15:06:58,2026-07-27 17:12:07,false,false,
495,1174821,1174820,2025021231,252,20252026,2026-04-06,shot_attempt_facts_v1,shot-on-goal,saved_shot,true,true,true,false,16,28,8485391,8477968,,1,REG,p1,808,,late_period,1551,EV,ev,0,1,1,leading_by_1,-87,4,4.47,-116.565,116.565,d_000_005,a_090_plus,O,offensive,backhand,backhand,false,3,not_rebound,true,rush_attempt,false,goalie_in_net,giveaway,28,4,"{""previous_team_shot_play_by_play_id"":1174818,""previous_team_shot_seconds_delta"":15,""rush_reason"":""direct_transition"",""source"":""shot_attempt_facts_v1""}",2026-07-27 15:06:58,2026-07-27 17:12:07,true,true,1174821
496,1174826,1174825,2025021231,337,20252026,2026-04-06,shot_attempt_facts_v1,missed-shot,missed_shot,true,true,false,false,28,16,8480748,8481519,,1,REG,p1,848,,late_period,1551,EV,ev,0,1,-1,trailing_by_1,33,-40,68.82,35.538,35.538,d_060_plus,a_030_040,O,offensive,wrist,wrist,false,3,not_rebound,false,not_rush,false,goalie_in_net,faceoff,16,5,"{""previous_team_shot_play_by_play_id"":1174798,""previous_team_shot_seconds_delta"":408,""rush_reason"":""not_rush"",""source"":""shot_attempt_facts_v1""}",2026-07-27 15:06:58,2026-07-27 17:12:07,false,false,
497,1174829,1174828,2025021231,341,20252026,2026-04-06,shot_attempt_facts_v1,shot-on-goal,saved_shot,true,true,true,false,28,16,8480748,8481519,,1,REG,p1,852,,late_period,1551,EV,ev,0,1,-1,trailing_by_1,51,-13,40.16,18.886,18.886,d_040_045,a_010_020,O,offensive,snap,snap,false,3,not_rebound,false,not_rush,false,goalie_in_net,faceoff,28,1,"{""previous_team_shot_play_by_play_id"":1174826,""previous_team_shot_seconds_delta"":4,""rush_reason"":""not_rush"",""source"":""shot_attempt_facts_v1""}",2026-07-27 15:06:58,2026-07-27 17:12:07,false,false,
498,1174830,1174829,2025021231,342,20252026,2026-04-06,shot_attempt_facts_v1,missed-shot,missed_shot,true,true,false,false,28,16,8475200,8481519,,1,REG,p1,862,,late_period,1551,EV,ev,0,1,-1,trailing_by_1,27,35,71.20,-29.445,29.445,d_060_plus,a_020_030,O,offensive,slap,slap,false,3,not_rebound,false,not_rush,false,goalie_in_net,shot-on-goal,28,10,"{""previous_team_shot_play_by_play_id"":1174829,""previous_team_shot_seconds_delta"":10,""rush_reason"":""not_rush"",""source"":""shot_attempt_facts_v1""}",2026-07-27 15:06:58,2026-07-27 17:12:07,false,false,
499,1174832,1174831,2025021231,343,20252026,2026-04-06,shot_attempt_facts_v1,shot-on-goal,saved_shot,true,true,true,false,28,16,8479576,8481519,,1,REG,p1,883,,late_period,1551,EV,ev,0,1,-1,trailing_by_1,61,-40,48.83,55.008,55.008,d_045_050,a_050_060,O,offensive,wrist,wrist,false,3,not_rebound,false,not_rush,false,goalie_in_net,hit,16,17,"{""previous_team_shot_play_by_play_id"":1174830,""previous_team_shot_seconds_delta"":21,""rush_reason"":""not_rush"",""source"":""shot_attempt_facts_v1""}",2026-07-27 15:06:58,2026-07-27 17:12:07,false,false,
500,1174836,1174835,2025021231,356,20252026,2026-04-06,shot_attempt_facts_v1,shot-on-goal,saved_shot,true,true,true,false,28,16,8484911,8481519,,1,REG,p1,936,,late_period,1551,EV,ev,0,1,-1,trailing_by_1,75,7,15.65,-26.565,26.565,d_015_020,a_020_030,O,offensive,tip-in,tip,false,3,not_rebound,false,not_rush,false,goalie_in_net,giveaway,16,23,"{""previous_team_shot_play_by_play_id"":1174832,""previous_team_shot_seconds_delta"":53,""rush_reason"":""not_rush"",""source"":""shot_attempt_facts_v1""}",2026-07-27 15:06:58,2026-07-27 17:12:07,false,false,
501,1174843,1174842,2025021231,379,20252026,2026-04-06,shot_attempt_facts_v1,missed-shot,missed_shot,true,true,false,false,28,16,8479576,8481519,,1,REG,p1,1057,,late_period,1551,EV,ev,0,1,-1,trailing_by_1,59,-23,37.80,37.476,37.476,d_035_040,a_030_040,O,offensive,wrist,wrist,false,3,not_rebound,false,not_rush,false,goalie_in_net,giveaway,16,15,"{""previous_team_shot_play_by_play_id"":1174836,""previous_team_shot_seconds_delta"":121,""rush_reason"":""not_rush"",""source"":""shot_attempt_facts_v1""}",2026-07-27 15:06:58,2026-07-27 17:12:07,false,false,
502,1174847,1174846,2025021231,398,20252026,2026-04-06,shot_attempt_facts_v1,shot-on-goal,saved_shot,true,true,true,false,28,16,8475200,8481519,,1,REG,p1,1106,,late_period,1451,PP,pp,0,1,-1,trailing_by_1,31,12,59.23,-11.689,11.689,d_055_060,a_010_020,O,offensive,wrist,wrist,false,3,not_rebound,false,not_rush,false,goalie_in_net,faceoff,28,18,"{""previous_team_shot_play_by_play_id"":1174843,""previous_team_shot_seconds_delta"":49,""rush_reason"":""not_rush"",""source"":""shot_attempt_facts_v1""}",2026-07-27 15:06:58,2026-07-27 17:12:07,false,false,
503,1174850,1174849,2025021231,403,20252026,2026-04-06,shot_attempt_facts_v1,blocked-shot,blocked_shot,true,false,false,false,28,16,8475200,,8483493,1,REG,p1,1113,,late_period,1451,PP,pp,0,1,-1,trailing_by_1,58,-4,31.26,7.352,7.352,d_030_035,a_000_010,D,defensive,,unknown,false,3,not_rebound,false,not_rush,false,goalie_in_net,faceoff,28,5,"{""previous_team_shot_play_by_play_id"":1174847,""previous_team_shot_seconds_delta"":7,""rush_reason"":""not_rush"",""source"":""shot_attempt_facts_v1""}",2026-07-27 15:06:58,2026-07-27 17:12:07,false,false,
504,1174852,1174851,2025021231,411,20252026,2026-04-06,shot_attempt_facts_v1,missed-shot,missed_shot,true,true,false,false,28,16,8484801,8481519,,1,REG,p1,1140,,late_period,1451,PP,pp,0,1,-1,trailing_by_1,70,-24,30.61,51.633,51.633,d_030_035,a_050_060,O,offensive,snap,snap,false,3,not_rebound,false,not_rush,false,goalie_in_net,hit,28,24,"{""previous_team_shot_play_by_play_id"":1174850,""previous_team_shot_seconds_delta"":27,""rush_reason"":""not_rush"",""source"":""shot_attempt_facts_v1""}",2026-07-27 15:06:58,2026-07-27 17:12:07,false,false,
505,1174862,1174861,2025021231,437,20252026,2026-04-06,shot_attempt_facts_v1,shot-on-goal,saved_shot,true,true,true,false,16,28,8481624,8477968,,2,REG,p2,1286,,early_period,1551,EV,ev,0,1,1,leading_by_1,52,15,39.92,-22.068,22.068,d_035_040,a_020_030,O,offensive,wrist,wrist,false,3,not_rebound,false,not_rush,false,goalie_in_net,giveaway,16,64,"{""previous_team_shot_play_by_play_id"":1174821,""previous_team_shot_seconds_delta"":478,""rush_reason"":""not_rush"",""source"":""shot_attempt_facts_v1""}",2026-07-27 15:06:58,2026-07-27 17:12:07,false,false,
506,1174863,1174862,2025021231,442,20252026,2026-04-06,shot_attempt_facts_v1,blocked-shot,blocked_shot,true,false,false,false,28,16,8479983,,8475726,2,REG,p2,1314,,early_period,1551,EV,ev,0,1,-1,trailing_by_1,-79,5,11.18,-153.435,153.435,d_010_015,a_090_plus,D,defensive,,unknown,false,3,not_rebound,false,not_rush,false,goalie_in_net,shot-on-goal,16,28,"{""previous_team_shot_play_by_play_id"":1174852,""previous_team_shot_seconds_delta"":174,""rush_reason"":""not_rush"",""source"":""shot_attempt_facts_v1""}",2026-07-27 15:06:58,2026-07-27 17:12:07,false,false,
507,1174864,1174863,2025021231,443,20252026,2026-04-06,shot_attempt_facts_v1,shot-on-goal,saved_shot,true,true,true,false,28,16,8484994,8481519,,2,REG,p2,1316,,early_period,1551,EV,ev,0,1,-1,trailing_by_1,-80,0,9.00,180.000,180.000,d_005_010,a_090_plus,O,offensive,wrist,wrist,true,3,rebound,true,rush_attempt,false,goalie_in_net,blocked-shot,28,2,"{""previous_team_shot_play_by_play_id"":1174863,""previous_team_shot_seconds_delta"":2,""rush_reason"":""direct_transition"",""source"":""shot_attempt_facts_v1""}",2026-07-27 15:06:58,2026-07-27 17:12:07,true,true,1174864
508,1174869,1174868,2025021231,507,20252026,2026-04-06,shot_attempt_facts_v1,shot-on-goal,saved_shot,true,true,true,false,28,16,8484801,8481519,,2,REG,p2,1375,,early_period,1451,PP,pp,0,1,-1,trailing_by_1,-67,-14,26.08,147.529,147.529,d_025_030,a_090_plus,O,offensive,wrist,wrist,false,3,not_rebound,false,not_rush,false,goalie_in_net,faceoff,28,40,"{""previous_team_shot_play_by_play_id"":1174864,""previous_team_shot_seconds_delta"":59,""rush_reason"":""not_rush"",""source"":""shot_attempt_facts_v1""}",2026-07-27 15:06:58,2026-07-27 17:12:07,false,false,
509,1174872,1174871,2025021231,523,20252026,2026-04-06,shot_attempt_facts_v1,blocked-shot,blocked_shot,true,false,false,false,28,16,8484806,,8482807,2,REG,p2,1479,,early_period,1551,EV,ev,0,1,-1,trailing_by_1,-69,-12,23.32,149.036,149.036,d_020_025,a_090_plus,D,defensive,,unknown,false,3,not_rebound,false,not_rush,false,goalie_in_net,giveaway,28,26,"{""previous_team_shot_play_by_play_id"":1174869,""previous_team_shot_seconds_delta"":104,""rush_reason"":""not_rush"",""source"":""shot_attempt_facts_v1""}",2026-07-27 15:06:58,2026-07-27 17:12:07,false,false,
510,1174874,1174873,2025021231,601,20252026,2026-04-06,shot_attempt_facts_v1,blocked-shot,blocked_shot,true,false,false,false,28,16,8475200,,8482172,2,REG,p2,1525,,early_period,1551,EV,ev,0,1,-1,trailing_by_1,-41,-34,58.82,144.689,144.689,d_055_060,a_090_plus,D,defensive,,unknown,false,3,not_rebound,false,not_rush,false,goalie_in_net,hit,28,21,"{""previous_team_shot_play_by_play_id"":1174872,""previous_team_shot_seconds_delta"":46,""rush_reason"":""not_rush"",""source"":""shot_attempt_facts_v1""}",2026-07-27 15:06:58,2026-07-27 17:12:07,false,false,
511,1174875,1174874,2025021231,534,20252026,2026-04-06,shot_attempt_facts_v1,blocked-shot,blocked_shot,true,false,false,false,28,16,8476624,,8482807,2,REG,p2,1527,,early_period,1551,EV,ev,0,1,-1,trailing_by_1,-73,5,16.76,-162.646,162.646,d_015_020,a_090_plus,D,defensive,,unknown,true,3,rebound,false,not_rush,false,goalie_in_net,blocked-shot,28,2,"{""previous_team_shot_play_by_play_id"":1174874,""previous_team_shot_seconds_delta"":2,""rush_reason"":""not_rush"",""source"":""shot_attempt_facts_v1""}",2026-07-27 15:06:58,2026-07-27 17:12:07,false,false,
512,1174882,1174881,2025021231,550,20252026,2026-04-06,shot_attempt_facts_v1,goal,goal,true,true,true,true,28,16,8482667,8481519,,2,REG,p2,1617,,middle_period,1551,EV,ev,0,1,-1,trailing_by_1,-70,-4,19.42,168.111,168.111,d_015_020,a_090_plus,O,offensive,wrist,wrist,false,3,not_rebound,true,rush_attempt,false,goalie_in_net,giveaway,16,6,"{""previous_team_shot_play_by_play_id"":1174875,""previous_team_shot_seconds_delta"":90,""rush_reason"":""direct_transition"",""source"":""shot_attempt_facts_v1""}",2026-07-27 15:06:58,2026-07-27 17:12:07,true,true,1174882
513,1174884,1174883,2025021231,556,20252026,2026-04-06,shot_attempt_facts_v1,shot-on-goal,saved_shot,true,true,true,false,16,28,8482807,8477968,,2,REG,p2,1637,,middle_period,1551,EV,ev,1,1,0,tied,37,-35,62.68,33.944,33.944,d_060_plus,a_030_040,O,offensive,wrist,wrist,false,3,not_rebound,false,not_rush,false,goalie_in_net,faceoff,16,20,"{""previous_team_shot_play_by_play_id"":1174862,""previous_team_shot_seconds_delta"":351,""rush_reason"":""not_rush"",""source"":""shot_attempt_facts_v1""}",2026-07-27 15:06:58,2026-07-27 17:12:07,false,false,
514,1174888,1174887,2025021231,570,20252026,2026-04-06,shot_attempt_facts_v1,blocked-shot,blocked_shot,true,false,false,false,28,16,8484806,,8484144,2,REG,p2,1717,,middle_period,1551,EV,ev,1,1,0,tied,-49,-29,49.41,144.058,144.058,d_045_050,a_090_plus,D,defensive,,unknown,false,3,not_rebound,false,not_rush,false,goalie_in_net,hit,28,58,"{""previous_team_shot_play_by_play_id"":1174882,""previous_team_shot_seconds_delta"":100,""rush_reason"":""not_rush"",""source"":""shot_attempt_facts_v1""}",2026-07-27 15:06:58,2026-07-27 17:12:07,false,false,
515,1174891,1174890,2025021231,572,20252026,2026-04-06,shot_attempt_facts_v1,blocked-shot,blocked_shot,true,false,false,false,16,28,8482807,,8476882,2,REG,p2,1737,,middle_period,1551,EV,ev,1,1,0,tied,78,-9,14.21,39.289,39.289,d_010_015,a_030_040,D,defensive,,unknown,false,3,not_rebound,false,not_rush,false,goalie_in_net,hit,28,10,"{""previous_team_shot_play_by_play_id"":1174884,""previous_team_shot_seconds_delta"":100,""rush_reason"":""not_rush"",""source"":""shot_attempt_facts_v1""}",2026-07-27 15:06:58,2026-07-27 17:12:07,false,false,
516,1174892,1174891,2025021231,573,20252026,2026-04-06,shot_attempt_facts_v1,shot-on-goal,saved_shot,true,true,true,false,16,28,8484144,8477968,,2,REG,p2,1739,,middle_period,1551,EV,ev,1,1,0,tied,82,7,9.90,-45.000,45.000,d_005_010,a_040_050,O,offensive,wrist,wrist,true,3,rebound,true,rush_attempt,false,goalie_in_net,blocked-shot,16,2,"{""previous_team_shot_play_by_play_id"":1174891,""previous_team_shot_seconds_delta"":2,""rush_reason"":""direct_transition"",""source"":""shot_attempt_facts_v1""}",2026-07-27 15:06:58,2026-07-27 17:12:07,true,true,1174892
517,1174894,1174893,2025021231,576,20252026,2026-04-06,shot_attempt_facts_v1,shot-on-goal,saved_shot,true,true,true,false,16,28,8484144,8477968,,2,REG,p2,1758,,middle_period,1551,EV,ev,1,1,0,tied,82,-16,17.46,66.371,66.371,d_015_020,a_060_070,O,offensive,backhand,backhand,false,3,not_rebound,false,not_rush,false,goalie_in_net,giveaway,16,17,"{""previous_team_shot_play_by_play_id"":1174892,""previous_team_shot_seconds_delta"":19,""rush_reason"":""not_rush"",""source"":""shot_attempt_facts_v1""}",2026-07-27 15:06:58,2026-07-27 17:12:07,false,false,
518,1174899,1174898,2025021231,584,20252026,2026-04-06,shot_attempt_facts_v1,blocked-shot,blocked_shot,true,false,false,false,16,28,8483493,,8484911,2,REG,p2,1798,,middle_period,1551,EV,ev,1,1,0,tied,63,12,28.64,-24.775,24.775,d_025_030,a_020_030,D,defensive,,unknown,false,3,not_rebound,false,not_rush,false,goalie_in_net,giveaway,28,15,"{""previous_team_shot_play_by_play_id"":1174894,""previous_team_shot_seconds_delta"":40,""rush_reason"":""not_rush"",""source"":""shot_attempt_facts_v1""}",2026-07-27 15:06:58,2026-07-27 17:12:07,false,false,
519,1174900,1174899,2025021231,587,20252026,2026-04-06,shot_attempt_facts_v1,shot-on-goal,saved_shot,true,true,true,false,28,16,8484801,8481519,,2,REG,p2,1810,,middle_period,1551,EV,ev,1,1,0,tied,-69,7,21.19,-160.710,160.710,d_020_025,a_090_plus,O,offensive,wrist,wrist,false,3,not_rebound,false,not_rush,false,goalie_in_net,blocked-shot,16,12,"{""previous_team_shot_play_by_play_id"":1174888,""previous_team_shot_seconds_delta"":93,""rush_reason"":""not_rush"",""source"":""shot_attempt_facts_v1""}",2026-07-27 15:06:58,2026-07-27 17:12:07,false,false,
520,1174906,1174905,2025021231,651,20252026,2026-04-06,shot_attempt_facts_v1,blocked-shot,blocked_shot,true,false,false,false,16,28,8482176,,8484994,2,REG,p2,1890,,middle_period,1551,EV,ev,1,1,0,tied,50,28,48.01,-35.676,35.676,d_045_050,a_030_040,D,defensive,,unknown,false,3,not_rebound,false,not_rush,false,goalie_in_net,hit,28,6,"{""previous_team_shot_play_by_play_id"":1174899,""previous_team_shot_seconds_delta"":92,""rush_reason"":""not_rush"",""source"":""shot_attempt_facts_v1""}",2026-07-27 15:06:58,2026-07-27 17:12:07,false,false,
521,1174909,1174908,2025021231,655,20252026,2026-04-06,shot_attempt_facts_v1,missed-shot,missed_shot,true,true,false,false,16,28,8481806,8477968,,2,REG,p2,1911,,middle_period,1551,EV,ev,1,1,0,tied,56,-40,51.86,50.477,50.477,d_050_055,a_050_060,O,offensive,wrist,wrist,false,3,not_rebound,false,not_rush,false,goalie_in_net,faceoff,28,19,"{""previous_team_shot_play_by_play_id"":1174906,""previous_team_shot_seconds_delta"":21,""rush_reason"":""not_rush"",""source"":""shot_attempt_facts_v1""}",2026-07-27 15:06:58,2026-07-27 17:12:07,false,false,
522,1174910,1174909,2025021231,656,20252026,2026-04-06,shot_attempt_facts_v1,shot-on-goal,saved_shot,true,true,true,false,28,16,8475726,8481519,,2,REG,p2,1923,,middle_period,1551,EV,ev,1,1,0,tied,-81,1,8.06,-172.875,172.875,d_005_010,a_090_plus,O,offensive,wrist,wrist,false,3,not_rebound,false,not_rush,false,goalie_in_net,missed-shot,16,12,"{""previous_team_shot_play_by_play_id"":1174900,""previous_team_shot_seconds_delta"":113,""rush_reason"":""not_rush"",""source"":""shot_attempt_facts_v1""}",2026-07-27 15:06:58,2026-07-27 17:12:07,false,false,
523,1174911,1174910,2025021231,658,20252026,2026-04-06,shot_attempt_facts_v1,missed-shot,missed_shot,true,true,false,false,28,16,8475726,8481519,,2,REG,p2,1939,,middle_period,1551,EV,ev,1,1,0,tied,-55,-1,34.01,178.315,178.315,d_030_035,a_090_plus,O,offensive,wrist,wrist,false,3,not_rebound,false,not_rush,false,goalie_in_net,shot-on-goal,28,16,"{""previous_team_shot_play_by_play_id"":1174910,""previous_team_shot_seconds_delta"":16,""rush_reason"":""not_rush"",""source"":""shot_attempt_facts_v1""}",2026-07-27 15:06:58,2026-07-27 17:12:07,false,false,
524,1174914,1174913,2025021231,670,20252026,2026-04-06,shot_attempt_facts_v1,shot-on-goal,saved_shot,true,true,true,false,16,28,8484144,8477968,,2,REG,p2,1985,,middle_period,1551,EV,ev,1,1,0,tied,77,13,17.69,-47.291,47.291,d_015_020,a_040_050,O,offensive,backhand,backhand,false,3,not_rebound,false,not_rush,false,goalie_in_net,faceoff,28,8,"{""previous_team_shot_play_by_play_id"":1174909,""previous_team_shot_seconds_delta"":74,""rush_reason"":""not_rush"",""source"":""shot_attempt_facts_v1""}",2026-07-27 15:06:58,2026-07-27 17:12:07,false,false,
525,1174915,1174914,2025021231,675,20252026,2026-04-06,shot_attempt_facts_v1,missed-shot,missed_shot,true,true,false,false,28,16,8484801,8481519,,2,REG,p2,2020,,late_period,1551,EV,ev,1,1,0,tied,-70,-5,19.65,165.256,165.256,d_015_020,a_090_plus,O,offensive,snap,snap,false,3,not_rebound,false,not_rush,false,goalie_in_net,shot-on-goal,16,35,"{""previous_team_shot_play_by_play_id"":1174911,""previous_team_shot_seconds_delta"":81,""rush_reason"":""not_rush"",""source"":""shot_attempt_facts_v1""}",2026-07-27 15:06:58,2026-07-27 17:12:07,false,false,
526,1174916,1174915,2025021231,676,20252026,2026-04-06,shot_attempt_facts_v1,shot-on-goal,saved_shot,true,true,true,false,16,28,8483493,8477968,,2,REG,p2,2028,,late_period,1551,EV,ev,1,1,0,tied,0,8,89.36,-5.136,5.136,d_060_plus,a_000_010,N,neutral,wrist,wrist,false,3,not_rebound,false,not_rush,false,goalie_in_net,missed-shot,28,8,"{""previous_team_shot_play_by_play_id"":1174914,""previous_team_shot_seconds_delta"":43,""rush_reason"":""not_rush"",""source"":""shot_attempt_facts_v1""}",2026-07-27 15:06:58,2026-07-27 17:12:07,false,false,
527,1174919,1174918,2025021231,688,20252026,2026-04-06,shot_attempt_facts_v1,shot-on-goal,saved_shot,true,true,true,false,28,16,8482859,8481519,,2,REG,p2,2085,,late_period,1551,EV,ev,1,1,0,tied,-84,14,14.87,-109.654,109.654,d_010_015,a_090_plus,O,offensive,backhand,backhand,false,3,not_rebound,false,not_rush,false,goalie_in_net,faceoff,28,45,"{""previous_team_shot_play_by_play_id"":1174915,""previous_team_shot_seconds_delta"":65,""rush_reason"":""not_rush"",""source"":""shot_attempt_facts_v1""}",2026-07-27 15:06:58,2026-07-27 17:12:07,false,false,
528,1174922,1174921,2025021231,693,20252026,2026-04-06,shot_attempt_facts_v1,goal,goal,true,true,true,true,28,16,8480748,8481519,,2,REG,p2,2095,,late_period,1551,EV,ev,1,1,0,tied,-57,16,35.78,-153.435,153.435,d_035_040,a_090_plus,O,offensive,slap,slap,false,3,not_rebound,false,not_rush,false,goalie_in_net,faceoff,28,7,"{""previous_team_shot_play_by_play_id"":1174919,""previous_team_shot_seconds_delta"":10,""rush_reason"":""not_rush"",""source"":""shot_attempt_facts_v1""}",2026-07-27 15:06:58,2026-07-27 17:12:07,false,false,
529,1174925,1174924,2025021231,696,20252026,2026-04-06,shot_attempt_facts_v1,shot-on-goal,saved_shot,true,true,true,false,28,16,8477505,8481519,,2,REG,p2,2111,,late_period,1551,EV,ev,2,1,1,leading_by_1,-89,-14,14.00,90.000,90.000,d_010_015,a_090_plus,O,offensive,wrist,wrist,false,3,not_rebound,true,rush_attempt,false,goalie_in_net,giveaway,16,8,"{""previous_team_shot_play_by_play_id"":1174922,""previous_team_shot_seconds_delta"":16,""rush_reason"":""direct_transition"",""source"":""shot_attempt_facts_v1""}",2026-07-27 15:06:58,2026-07-27 17:12:07,true,true,1174925
530,1174928,1174927,2025021231,701,20252026,2026-04-06,shot_attempt_facts_v1,blocked-shot,blocked_shot,true,false,false,false,28,16,8475200,,8482172,2,REG,p2,2115,,late_period,1551,EV,ev,2,1,1,leading_by_1,-51,-9,39.05,166.675,166.675,d_035_040,a_090_plus,D,defensive,,unknown,false,3,not_rebound,false,not_rush,false,goalie_in_net,faceoff,28,2,"{""previous_team_shot_play_by_play_id"":1174925,""previous_team_shot_seconds_delta"":4,""rush_reason"":""not_rush"",""source"":""shot_attempt_facts_v1""}",2026-07-27 15:06:58,2026-07-27 17:12:07,false,false,
531,1174929,1174928,2025021231,702,20252026,2026-04-06,shot_attempt_facts_v1,blocked-shot,blocked_shot,true,false,false,false,16,28,8482176,,8479576,2,REG,p2,2133,,late_period,1551,EV,ev,2,1,-1,trailing_by_1,46,16,45.88,-20.410,20.410,d_045_050,a_020_030,D,defensive,,unknown,false,3,not_rebound,false,not_rush,false,goalie_in_net,blocked-shot,28,18,"{""previous_team_shot_play_by_play_id"":1174916,""previous_team_shot_seconds_delta"":105,""rush_reason"":""not_rush"",""source"":""shot_attempt_facts_v1""}",2026-07-27 15:06:58,2026-07-27 17:12:07,false,false,
532,1174932,1174931,2025021231,706,20252026,2026-04-06,shot_attempt_facts_v1,shot-on-goal,saved_shot,true,true,true,false,28,16,8484801,8481519,,2,REG,p2,2174,,late_period,1551,EV,ev,2,1,1,leading_by_1,39,-37,133.24,163.877,163.877,d_060_plus,a_090_plus,D,defensive,wrist,wrist,false,3,not_rebound,false,not_rush,false,goalie_in_net,faceoff,16,39,"{""previous_team_shot_play_by_play_id"":1174928,""previous_team_shot_seconds_delta"":59,""rush_reason"":""not_rush"",""source"":""shot_attempt_facts_v1""}",2026-07-27 15:06:58,2026-07-27 17:12:07,false,false,
533,1174933,1174932,2025021231,714,20252026,2026-04-06,shot_attempt_facts_v1,shot-on-goal,saved_shot,true,true,true,false,28,16,8482166,8481519,,2,REG,p2,2208,,late_period,1551,EV,ev,2,1,1,leading_by_1,-62,-36,45.00,126.870,126.870,d_045_050,a_090_plus,O,offensive,wrist,wrist,false,3,not_rebound,false,not_rush,false,goalie_in_net,shot-on-goal,28,34,"{""previous_team_shot_play_by_play_id"":1174932,""previous_team_shot_seconds_delta"":34,""rush_reason"":""not_rush"",""source"":""shot_attempt_facts_v1""}",2026-07-27 15:06:58,2026-07-27 17:12:07,false,false,
534,1174934,1174933,2025021231,715,20252026,2026-04-06,shot_attempt_facts_v1,shot-on-goal,saved_shot,true,true,true,false,28,16,8482166,8481519,,2,REG,p2,2215,,late_period,1551,EV,ev,2,1,1,leading_by_1,-51,-27,46.62,144.605,144.605,d_045_050,a_090_plus,O,offensive,wrist,wrist,false,3,not_rebound,false,not_rush,false,goalie_in_net,shot-on-goal,28,7,"{""previous_team_shot_play_by_play_id"":1174933,""previous_team_shot_seconds_delta"":7,""rush_reason"":""not_rush"",""source"":""shot_attempt_facts_v1""}",2026-07-27 15:06:58,2026-07-27 17:12:07,false,false,
535,1174936,1174935,2025021231,716,20252026,2026-04-06,shot_attempt_facts_v1,missed-shot,missed_shot,true,true,false,false,28,16,8479983,8481519,,2,REG,p2,2225,,late_period,1551,EV,ev,2,1,1,leading_by_1,-31,24,62.77,-157.521,157.521,d_060_plus,a_090_plus,O,offensive,slap,slap,false,3,not_rebound,true,rush_attempt,false,goalie_in_net,hit,16,5,"{""previous_team_shot_play_by_play_id"":1174934,""previous_team_shot_seconds_delta"":10,""rush_reason"":""direct_transition"",""source"":""shot_attempt_facts_v1""}",2026-07-27 15:06:58,2026-07-27 17:12:07,true,true,1174936
536,1174944,1174943,2025021231,732,20252026,2026-04-06,shot_attempt_facts_v1,shot-on-goal,saved_shot,true,true,true,false,16,28,8485391,8477968,,2,REG,p2,2260,,late_period,1541,PP,pp,2,1,-1,trailing_by_1,61,-26,38.21,42.879,42.879,d_035_040,a_040_050,O,offensive,slap,slap,false,3,not_rebound,true,rush_attempt,false,goalie_in_net,giveaway,28,3,"{""previous_team_shot_play_by_play_id"":1174929,""previous_team_shot_seconds_delta"":127,""rush_reason"":""direct_transition"",""source"":""shot_attempt_facts_v1""}",2026-07-27 15:06:58,2026-07-27 17:12:07,true,true,1174944
537,1174945,1174944,2025021231,734,20252026,2026-04-06,shot_attempt_facts_v1,shot-on-goal,saved_shot,true,true,true,false,16,28,8485391,8477968,,2,REG,p2,2285,,late_period,1541,PP,pp,2,1,-1,trailing_by_1,65,-23,33.24,43.781,43.781,d_030_035,a_040_050,O,offensive,wrist,wrist,false,3,not_rebound,false,not_rush,false,goalie_in_net,shot-on-goal,16,25,"{""previous_team_shot_play_by_play_id"":1174944,""previous_team_shot_seconds_delta"":25,""rush_reason"":""not_rush"",""source"":""shot_attempt_facts_v1""}",2026-07-27 15:06:58,2026-07-27 17:12:07,false,false,
538,1174946,1174945,2025021231,735,20252026,2026-04-06,shot_attempt_facts_v1,missed-shot,missed_shot,true,true,false,false,16,28,8477479,8477968,,2,REG,p2,2296,,late_period,1541,PP,pp,2,1,-1,trailing_by_1,78,0,11.00,0.000,0.000,d_010_015,a_000_010,O,offensive,wrist,wrist,false,3,not_rebound,false,not_rush,false,goalie_in_net,shot-on-goal,16,11,"{""previous_team_shot_play_by_play_id"":1174945,""previous_team_shot_seconds_delta"":11,""rush_reason"":""not_rush"",""source"":""shot_attempt_facts_v1""}",2026-07-27 15:06:58,2026-07-27 17:12:07,false,false,
539,1174947,1174946,2025021231,736,20252026,2026-04-06,shot_attempt_facts_v1,blocked-shot,blocked_shot,true,false,false,false,16,28,8485391,,8479983,2,REG,p2,2301,,late_period,1541,PP,pp,2,1,-1,trailing_by_1,76,-8,15.26,31.608,31.608,d_015_020,a_030_040,D,defensive,,unknown,false,3,not_rebound,false,not_rush,false,goalie_in_net,missed-shot,16,5,"{""previous_team_shot_play_by_play_id"":1174946,""previous_team_shot_seconds_delta"":5,""rush_reason"":""not_rush"",""source"":""shot_attempt_facts_v1""}",2026-07-27 15:06:58,2026-07-27 17:12:07,false,false,
540,1174948,1174947,2025021231,737,20252026,2026-04-06,shot_attempt_facts_v1,shot-on-goal,saved_shot,true,true,true,false,16,28,8483493,8477968,,2,REG,p2,2307,,late_period,1541,PP,pp,2,1,-1,trailing_by_1,62,19,33.02,-35.134,35.134,d_030_035,a_030_040,O,offensive,wrist,wrist,false,3,not_rebound,true,rush_attempt,false,goalie_in_net,blocked-shot,16,6,"{""previous_team_shot_play_by_play_id"":1174947,""previous_team_shot_seconds_delta"":6,""rush_reason"":""direct_transition"",""source"":""shot_attempt_facts_v1""}",2026-07-27 15:06:58,2026-07-27 17:12:07,true,true,1174948
541,1174949,1174948,2025021231,738,20252026,2026-04-06,shot_attempt_facts_v1,shot-on-goal,saved_shot,true,true,true,false,16,28,8484144,8477968,,2,REG,p2,2315,,late_period,1541,PP,pp,2,1,-1,trailing_by_1,55,-6,34.53,10.008,10.008,d_030_035,a_010_020,O,offensive,wrist,wrist,false,3,not_rebound,false,not_rush,false,goalie_in_net,shot-on-goal,16,8,"{""previous_team_shot_play_by_play_id"":1174948,""previous_team_shot_seconds_delta"":8,""rush_reason"":""not_rush"",""source"":""shot_attempt_facts_v1""}",2026-07-27 15:06:58,2026-07-27 17:12:07,false,false,
542,1174950,1174949,2025021231,257,20252026,2026-04-06,shot_attempt_facts_v1,shot-on-goal,saved_shot,true,true,true,false,16,28,8477479,8477968,,2,REG,p2,2317,,late_period,1541,PP,pp,2,1,-1,trailing_by_1,84,3,5.83,-30.964,30.964,d_005_010,a_030_040,O,offensive,wrist,wrist,true,3,rebound,false,not_rush,false,goalie_in_net,shot-on-goal,16,2,"{""previous_team_shot_play_by_play_id"":1174949,""previous_team_shot_seconds_delta"":2,""rush_reason"":""not_rush"",""source"":""shot_attempt_facts_v1""}",2026-07-27 15:06:58,2026-07-27 17:12:07,false,false,
543,1174953,1174952,2025021231,744,20252026,2026-04-06,shot_attempt_facts_v1,shot-on-goal,saved_shot,true,true,true,false,16,28,8476882,8477968,,2,REG,p2,2330,,late_period,1541,PP,pp,2,1,-1,trailing_by_1,66,6,23.77,-14.621,14.621,d_020_025,a_010_020,O,offensive,wrist,wrist,false,3,not_rebound,false,not_rush,false,goalie_in_net,faceoff,16,12,"{""previous_team_shot_play_by_play_id"":1174950,""previous_team_shot_seconds_delta"":13,""rush_reason"":""not_rush"",""source"":""shot_attempt_facts_v1""}",2026-07-27 15:06:58,2026-07-27 17:12:07,false,false,
544,1174954,1174953,2025021231,746,20252026,2026-04-06,shot_attempt_facts_v1,missed-shot,missed_shot,true,true,false,false,16,28,8485391,8477968,,2,REG,p2,2348,,late_period,1541,PP,pp,2,1,-1,trailing_by_1,79,-18,20.59,60.945,60.945,d_020_025,a_060_070,O,offensive,slap,slap,false,3,not_rebound,false,not_rush,false,goalie_in_net,shot-on-goal,16,18,"{""previous_team_shot_play_by_play_id"":1174953,""previous_team_shot_seconds_delta"":18,""rush_reason"":""not_rush"",""source"":""shot_attempt_facts_v1""}",2026-07-27 15:06:58,2026-07-27 17:12:07,false,false,
545,1174957,1174956,2025021231,750,20252026,2026-04-06,shot_attempt_facts_v1,missed-shot,missed_shot,true,true,false,false,16,28,8485391,8477968,,2,REG,p2,2357,,late_period,1541,PP,pp,2,1,-1,trailing_by_1,65,-17,29.41,35.311,35.311,d_025_030,a_030_040,O,offensive,slap,slap,false,3,not_rebound,false,not_rush,false,goalie_in_net,faceoff,28,7,"{""previous_team_shot_play_by_play_id"":1174954,""previous_team_shot_seconds_delta"":9,""rush_reason"":""not_rush"",""source"":""shot_attempt_facts_v1""}",2026-07-27 15:06:58,2026-07-27 17:12:07,false,false,
546,1174958,1174957,2025021231,751,20252026,2026-04-06,shot_attempt_facts_v1,missed-shot,missed_shot,true,true,false,false,16,28,8484144,8477968,,2,REG,p2,2363,,late_period,1541,PP,pp,2,1,-1,trailing_by_1,36,0,53.00,0.000,0.000,d_050_055,a_000_010,O,offensive,wrist,wrist,false,3,not_rebound,false,not_rush,false,goalie_in_net,missed-shot,16,6,"{""previous_team_shot_play_by_play_id"":1174957,""previous_team_shot_seconds_delta"":6,""rush_reason"":""not_rush"",""source"":""shot_attempt_facts_v1""}",2026-07-27 15:06:58,2026-07-27 17:12:07,false,false,
547,1174961,1174960,2025021231,761,20252026,2026-04-06,shot_attempt_facts_v1,shot-on-goal,saved_shot,true,true,true,false,28,16,8479983,8481519,,2,REG,p2,2398,,late_period,1551,EV,ev,2,1,1,leading_by_1,-9,10,80.62,-172.875,172.875,d_060_plus,a_090_plus,N,neutral,wrist,wrist,false,3,not_rebound,false,not_rush,false,goalie_in_net,faceoff,28,33,"{""previous_team_shot_play_by_play_id"":1174936,""previous_team_shot_seconds_delta"":173,""rush_reason"":""not_rush"",""source"":""shot_attempt_facts_v1""}",2026-07-27 15:06:58,2026-07-27 17:12:07,false,false,
548,1174965,1174964,2025021231,768,20252026,2026-04-06,shot_attempt_facts_v1,missed-shot,missed_shot,true,true,false,false,28,16,8484801,8481519,,3,REG,p3,2413,,early_period,1551,EV,ev,2,1,1,leading_by_1,65,19,30.61,-38.367,38.367,d_030_035,a_030_040,O,offensive,wrist,wrist,false,3,not_rebound,false,not_rush,false,goalie_in_net,faceoff,28,13,"{""previous_team_shot_play_by_play_id"":1174961,""previous_team_shot_seconds_delta"":15,""rush_reason"":""not_rush"",""source"":""shot_attempt_facts_v1""}",2026-07-27 15:06:58,2026-07-27 17:12:07,false,false,
549,1174966,1174965,2025021231,786,20252026,2026-04-06,shot_attempt_facts_v1,missed-shot,missed_shot,true,true,false,false,28,16,8475181,8481519,,3,REG,p3,2542,,early_period,1551,EV,ev,2,1,1,leading_by_1,38,-8,51.62,8.915,8.915,d_050_055,a_000_010,O,offensive,wrist,wrist,false,3,not_rebound,false,not_rush,false,goalie_in_net,missed-shot,28,129,"{""previous_team_shot_play_by_play_id"":1174965,""previous_team_shot_seconds_delta"":129,""rush_reason"":""not_rush"",""source"":""shot_attempt_facts_v1""}",2026-07-27 15:06:58,2026-07-27 17:12:07,false,false,
550,1174969,1174968,2025021231,602,20252026,2026-04-06,shot_attempt_facts_v1,blocked-shot,blocked_shot,true,false,false,false,28,16,8475181,,8478233,3,REG,p3,2548,,early_period,1551,EV,ev,2,1,1,leading_by_1,39,-33,59.91,33.425,33.425,d_055_060,a_030_040,D,defensive,,unknown,false,3,not_rebound,false,not_rush,false,goalie_in_net,faceoff,28,5,"{""previous_team_shot_play_by_play_id"":1174966,""previous_team_shot_seconds_delta"":6,""rush_reason"":""not_rush"",""source"":""shot_attempt_facts_v1""}",2026-07-27 15:06:58,2026-07-27 17:12:07,false,false,
551,1174973,1174972,2025021231,794,20252026,2026-04-06,shot_attempt_facts_v1,shot-on-goal,saved_shot,true,true,true,false,28,16,8484227,8481519,,3,REG,p3,2573,,early_period,1551,EV,ev,2,1,1,leading_by_1,60,18,34.13,-31.827,31.827,d_030_035,a_030_040,O,offensive,wrist,wrist,false,3,not_rebound,false,not_rush,false,goalie_in_net,faceoff,28,1,"{""previous_team_shot_play_by_play_id"":1174969,""previous_team_shot_seconds_delta"":25,""rush_reason"":""not_rush"",""source"":""shot_attempt_facts_v1""}",2026-07-27 15:06:58,2026-07-27 17:12:07,false,false,
552,1174976,1174975,2025021231,801,20252026,2026-04-06,shot_attempt_facts_v1,goal,goal,true,true,true,true,28,16,8484227,8481519,,3,REG,p3,2608,,early_period,1551,EV,ev,2,1,1,leading_by_1,75,-5,14.87,19.654,19.654,d_010_015,a_010_020,O,offensive,snap,snap,false,3,not_rebound,false,not_rush,false,goalie_in_net,hit,28,22,"{""previous_team_shot_play_by_play_id"":1174973,""previous_team_shot_seconds_delta"":35,""rush_reason"":""not_rush"",""source"":""shot_attempt_facts_v1""}",2026-07-27 15:06:58,2026-07-27 17:12:07,false,false,
553,1174979,1174978,2025021231,810,20252026,2026-04-06,shot_attempt_facts_v1,shot-on-goal,saved_shot,true,true,true,false,28,16,8475200,8481519,,3,REG,p3,2629,,early_period,1551,EV,ev,3,1,2,leading_by_2_plus,30,38,70.18,-32.784,32.784,d_060_plus,a_030_040,O,offensive,slap,slap,false,3,not_rebound,false,not_rush,false,goalie_in_net,hit,28,1,"{""previous_team_shot_play_by_play_id"":1174976,""previous_team_shot_seconds_delta"":21,""rush_reason"":""not_rush"",""source"":""shot_attempt_facts_v1""}",2026-07-27 15:06:58,2026-07-27 17:12:07,false,false,
554,1174984,1174983,2025021231,828,20252026,2026-04-06,shot_attempt_facts_v1,missed-shot,missed_shot,true,true,false,false,16,28,8477479,8477968,,3,REG,p3,2698,,early_period,1541,PP,pp,3,1,-2,trailing_by_2_plus,-58,-15,34.44,154.179,154.179,d_030_035,a_090_plus,O,offensive,wrist,wrist,false,3,not_rebound,false,not_rush,false,goalie_in_net,faceoff,16,37,"{""previous_team_shot_play_by_play_id"":1174958,""previous_team_shot_seconds_delta"":335,""rush_reason"":""not_rush"",""source"":""shot_attempt_facts_v1""}",2026-07-27 15:06:58,2026-07-27 17:12:07,false,false,
555,1174985,1174984,2025021231,829,20252026,2026-04-06,shot_attempt_facts_v1,blocked-shot,blocked_shot,true,false,false,false,16,28,8485391,,8479983,3,REG,p3,2712,,early_period,1541,PP,pp,3,1,-2,trailing_by_2_plus,-82,9,11.40,-127.875,127.875,d_010_015,a_090_plus,D,defensive,,unknown,false,3,not_rebound,false,not_rush,false,goalie_in_net,missed-shot,16,14,"{""previous_team_shot_play_by_play_id"":1174984,""previous_team_shot_seconds_delta"":14,""rush_reason"":""not_rush"",""source"":""shot_attempt_facts_v1""}",2026-07-27 15:06:58,2026-07-27 17:12:07,false,false,
556,1174986,1174985,2025021231,830,20252026,2026-04-06,shot_attempt_facts_v1,blocked-shot,blocked_shot,true,false,false,false,16,28,8484144,,8477479,3,REG,p3,2731,,early_period,1541,PP,pp,3,1,-2,trailing_by_2_plus,-80,5,10.30,-150.945,150.945,d_010_015,a_090_plus,O,offensive,,unknown,false,3,not_rebound,false,not_rush,false,goalie_in_net,blocked-shot,16,19,"{""previous_team_shot_play_by_play_id"":1174985,""previous_team_shot_seconds_delta"":19,""rush_reason"":""not_rush"",""source"":""shot_attempt_facts_v1""}",2026-07-27 15:06:58,2026-07-27 17:12:07,false,false,
557,1174989,1174988,2025021231,832,20252026,2026-04-06,shot_attempt_facts_v1,shot-on-goal,saved_shot,true,true,true,false,16,28,8484144,8477968,,3,REG,p3,2759,,early_period,1541,PP,pp,3,1,-2,trailing_by_2_plus,-49,-8,40.79,168.690,168.690,d_040_045,a_090_plus,O,offensive,wrist,wrist,false,3,not_rebound,true,rush_attempt,false,goalie_in_net,giveaway,28,2,"{""previous_team_shot_play_by_play_id"":1174986,""previous_team_shot_seconds_delta"":28,""rush_reason"":""direct_transition"",""source"":""shot_attempt_facts_v1""}",2026-07-27 15:06:58,2026-07-27 17:12:07,true,true,1174989
558,1174990,1174989,2025021231,833,20252026,2026-04-06,shot_attempt_facts_v1,goal,goal,true,true,true,true,16,28,8483493,8477968,,3,REG,p3,2769,,early_period,1541,PP,pp,3,1,-2,trailing_by_2_plus,-69,-19,27.59,136.469,136.469,d_025_030,a_090_plus,O,offensive,slap,slap,false,3,not_rebound,false,not_rush,false,goalie_in_net,shot-on-goal,16,10,"{""previous_team_shot_play_by_play_id"":1174989,""previous_team_shot_seconds_delta"":10,""rush_reason"":""not_rush"",""source"":""shot_attempt_facts_v1""}",2026-07-27 15:06:58,2026-07-27 17:12:07,false,false,
559,1174994,1174993,2025021231,841,20252026,2026-04-06,shot_attempt_facts_v1,missed-shot,missed_shot,true,true,false,false,16,28,8481806,8477968,,3,REG,p3,2790,,early_period,1551,EV,ev,3,2,-1,trailing_by_1,-29,37,70.49,-148.339,148.339,d_060_plus,a_090_plus,O,offensive,wrist,wrist,false,3,not_rebound,true,rush_attempt,false,goalie_in_net,takeaway,16,1,"{""previous_team_shot_play_by_play_id"":1174990,""previous_team_shot_seconds_delta"":21,""rush_reason"":""direct_transition"",""source"":""shot_attempt_facts_v1""}",2026-07-27 15:06:58,2026-07-27 17:12:07,true,true,1174994
560,1174996,1174995,2025021231,853,20252026,2026-04-06,shot_attempt_facts_v1,missed-shot,missed_shot,true,true,false,false,28,16,8475200,8481519,,3,REG,p3,2880,,middle_period,1551,EV,ev,3,2,1,leading_by_1,47,39,57.31,-42.879,42.879,d_055_060,a_040_050,O,offensive,wrist,wrist,false,3,not_rebound,false,not_rush,false,goalie_in_net,hit,28,42,"{""previous_team_shot_play_by_play_id"":1174979,""previous_team_shot_seconds_delta"":251,""rush_reason"":""not_rush"",""source"":""shot_attempt_facts_v1""}",2026-07-27 15:06:58,2026-07-27 17:12:07,false,false,
561,1175002,1175001,2025021231,868,20252026,2026-04-06,shot_attempt_facts_v1,shot-on-goal,saved_shot,true,true,true,false,16,28,8481568,8477968,,3,REG,p3,2960,,middle_period,1551,EV,ev,3,2,-1,trailing_by_1,-32,-33,65.86,149.931,149.931,d_060_plus,a_090_plus,O,offensive,slap,slap,false,3,not_rebound,false,not_rush,false,goalie_in_net,giveaway,28,12,"{""previous_team_shot_play_by_play_id"":1174994,""previous_team_shot_seconds_delta"":170,""rush_reason"":""not_rush"",""source"":""shot_attempt_facts_v1""}",2026-07-27 15:06:58,2026-07-27 17:12:07,false,false,
562,1175005,1175004,2025021231,873,20252026,2026-04-06,shot_attempt_facts_v1,missed-shot,missed_shot,true,true,false,false,16,28,8481568,8477968,,3,REG,p3,2977,,middle_period,1551,EV,ev,3,2,-1,trailing_by_1,-41,-36,60.00,143.130,143.130,d_060_plus,a_090_plus,O,offensive,slap,slap,false,3,not_rebound,false,not_rush,false,goalie_in_net,faceoff,28,15,"{""previous_team_shot_play_by_play_id"":1175002,""previous_team_shot_seconds_delta"":17,""rush_reason"":""not_rush"",""source"":""shot_attempt_facts_v1""}",2026-07-27 15:06:58,2026-07-27 17:12:07,false,false,
563,1175009,1175008,2025021231,878,20252026,2026-04-06,shot_attempt_facts_v1,shot-on-goal,saved_shot,true,true,true,false,16,28,8483466,8477968,,3,REG,p3,2991,,middle_period,1551,EV,ev,3,2,-1,trailing_by_1,-48,-40,57.28,135.707,135.707,d_055_060,a_090_plus,O,offensive,wrist,wrist,false,3,not_rebound,false,not_rush,false,goalie_in_net,faceoff,16,3,"{""previous_team_shot_play_by_play_id"":1175005,""previous_team_shot_seconds_delta"":14,""rush_reason"":""not_rush"",""source"":""shot_attempt_facts_v1""}",2026-07-27 15:06:58,2026-07-27 17:12:07,false,false,
564,1175014,1175013,2025021231,891,20252026,2026-04-06,shot_attempt_facts_v1,blocked-shot,blocked_shot,true,false,false,false,28,16,8484806,,8483506,3,REG,p3,3109,,middle_period,1551,EV,ev,3,2,1,leading_by_1,75,4,14.56,-15.945,15.945,d_010_015,a_010_020,D,defensive,,unknown,false,3,not_rebound,false,not_rush,false,goalie_in_net,giveaway,16,5,"{""previous_team_shot_play_by_play_id"":1174996,""previous_team_shot_seconds_delta"":229,""rush_reason"":""not_rush"",""source"":""shot_attempt_facts_v1""}",2026-07-27 15:06:58,2026-07-27 17:12:07,false,false,
565,1175015,1175014,2025021231,892,20252026,2026-04-06,shot_attempt_facts_v1,shot-on-goal,saved_shot,true,true,true,false,28,16,8475726,8481519,,3,REG,p3,3115,,middle_period,1551,EV,ev,3,2,1,leading_by_1,65,25,34.66,-46.169,46.169,d_030_035,a_040_050,O,offensive,slap,slap,false,3,not_rebound,true,rush_attempt,false,goalie_in_net,blocked-shot,28,6,"{""previous_team_shot_play_by_play_id"":1175014,""previous_team_shot_seconds_delta"":6,""rush_reason"":""direct_transition"",""source"":""shot_attempt_facts_v1""}",2026-07-27 15:06:58,2026-07-27 17:12:07,true,true,1175015
566,1175017,1175016,2025021231,913,20252026,2026-04-06,shot_attempt_facts_v1,shot-on-goal,saved_shot,true,true,true,false,28,16,8475200,8481519,,3,REG,p3,3195,,middle_period,1551,EV,ev,3,2,1,leading_by_1,29,-4,60.13,3.814,3.814,d_060_plus,a_000_010,O,offensive,wrist,wrist,false,3,not_rebound,false,not_rush,false,goalie_in_net,giveaway,28,39,"{""previous_team_shot_play_by_play_id"":1175015,""previous_team_shot_seconds_delta"":80,""rush_reason"":""not_rush"",""source"":""shot_attempt_facts_v1""}",2026-07-27 15:06:58,2026-07-27 17:12:07,false,false,
567,1175019,1175018,2025021231,915,20252026,2026-04-06,shot_attempt_facts_v1,blocked-shot,blocked_shot,true,false,false,false,16,28,8485391,,8479576,3,REG,p3,3230,,late_period,1551,EV,ev,3,2,-1,trailing_by_1,-39,4,50.16,-175.426,175.426,d_050_055,a_090_plus,D,defensive,,unknown,false,3,not_rebound,false,not_rush,false,goalie_in_net,hit,28,23,"{""previous_team_shot_play_by_play_id"":1175009,""previous_team_shot_seconds_delta"":239,""rush_reason"":""not_rush"",""source"":""shot_attempt_facts_v1""}",2026-07-27 15:06:58,2026-07-27 17:12:07,false,false,
568,1175023,1175022,2025021231,926,20252026,2026-04-06,shot_attempt_facts_v1,shot-on-goal,saved_shot,true,true,true,false,16,28,8484144,8477968,,3,REG,p3,3253,,late_period,1551,EV,ev,3,2,-1,trailing_by_1,-67,-26,34.06,130.236,130.236,d_030_035,a_090_plus,O,offensive,wrist,wrist,false,3,not_rebound,true,rush_attempt,false,goalie_in_net,giveaway,28,4,"{""previous_team_shot_play_by_play_id"":1175019,""previous_team_shot_seconds_delta"":23,""rush_reason"":""direct_transition"",""source"":""shot_attempt_facts_v1""}",2026-07-27 15:06:58,2026-07-27 17:12:07,true,true,1175023
569,1175028,1175027,2025021231,604,20252026,2026-04-06,shot_attempt_facts_v1,blocked-shot,blocked_shot,true,false,false,false,28,16,8482667,,8481806,3,REG,p3,3318,,final_5,1551,EV,ev,3,2,1,leading_by_1,75,0,14.00,0.000,0.000,d_010_015,a_000_010,D,defensive,,unknown,false,3,not_rebound,false,not_rush,false,goalie_in_net,giveaway,16,5,"{""previous_team_shot_play_by_play_id"":1175017,""previous_team_shot_seconds_delta"":123,""rush_reason"":""not_rush"",""source"":""shot_attempt_facts_v1""}",2026-07-27 15:06:58,2026-07-27 17:12:07,false,false,
570,1175035,1175034,2025021231,976,20252026,2026-04-06,shot_attempt_facts_v1,missed-shot,missed_shot,true,true,false,false,28,16,8484911,8481519,,3,REG,p3,3451,,final_5,1551,EV,ev,3,2,1,leading_by_1,77,2,12.17,-9.462,9.462,d_010_015,a_000_010,O,offensive,tip-in,tip,false,3,not_rebound,false,not_rush,false,goalie_in_net,hit,28,38,"{""previous_team_shot_play_by_play_id"":1175028,""previous_team_shot_seconds_delta"":133,""rush_reason"":""not_rush"",""source"":""shot_attempt_facts_v1""}",2026-07-27 15:06:58,2026-07-27 17:12:07,false,false,
571,1175037,1175036,2025021231,985,20252026,2026-04-06,shot_attempt_facts_v1,shot-on-goal,saved_shot,true,true,true,false,16,28,8485391,8477968,,3,REG,p3,3518,,final_5,1551,EV,ev,3,2,-1,trailing_by_1,-63,15,30.02,-150.018,150.018,d_030_035,a_090_plus,O,offensive,wrist,wrist,false,3,not_rebound,true,rush_attempt,false,goalie_in_net,giveaway,28,1,"{""previous_team_shot_play_by_play_id"":1175023,""previous_team_shot_seconds_delta"":265,""rush_reason"":""direct_transition"",""source"":""shot_attempt_facts_v1""}",2026-07-27 15:06:58,2026-07-27 17:12:07,true,true,1175037
572,1175040,1175039,2025021231,992,20252026,2026-04-06,shot_attempt_facts_v1,shot-on-goal,saved_shot,true,true,true,false,16,28,8477479,8477968,,3,REG,p3,3532,,final_5,0651,EV,ev,3,2,-1,trailing_by_1,-81,-2,8.25,165.964,165.964,d_005_010,a_090_plus,O,offensive,tip-in,tip,false,3,not_rebound,false,not_rush,false,goalie_in_net,faceoff,16,11,"{""previous_team_shot_play_by_play_id"":1175037,""previous_team_shot_seconds_delta"":14,""rush_reason"":""not_rush"",""source"":""shot_attempt_facts_v1""}",2026-07-27 15:06:58,2026-07-27 17:12:07,false,false,
573,1175041,1175040,2025021231,603,20252026,2026-04-06,shot_attempt_facts_v1,shot-on-goal,saved_shot,true,true,true,false,16,28,8477987,8477968,,3,REG,p3,3533,,final_5,0651,EV,ev,3,2,-1,trailing_by_1,-81,0,8.00,180.000,180.000,d_005_010,a_090_plus,O,offensive,wrist,wrist,true,3,rebound,false,not_rush,false,goalie_in_net,shot-on-goal,16,1,"{""previous_team_shot_play_by_play_id"":1175040,""previous_team_shot_seconds_delta"":1,""rush_reason"":""not_rush"",""source"":""shot_attempt_facts_v1""}",2026-07-27 15:06:58,2026-07-27 17:12:07,false,false,
574,1175042,1175041,2025021231,993,20252026,2026-04-06,shot_attempt_facts_v1,shot-on-goal,saved_shot,true,true,true,false,16,28,8483493,8477968,,3,REG,p3,3535,,final_5,0651,EV,ev,3,2,-1,trailing_by_1,-83,-5,7.81,140.194,140.194,d_005_010,a_090_plus,O,offensive,wrist,wrist,true,3,rebound,false,not_rush,false,goalie_in_net,shot-on-goal,16,2,"{""previous_team_shot_play_by_play_id"":1175041,""previous_team_shot_seconds_delta"":2,""rush_reason"":""not_rush"",""source"":""shot_attempt_facts_v1""}",2026-07-27 15:06:58,2026-07-27 17:12:07,false,false,
575,1175045,1175044,2025021231,997,20252026,2026-04-06,shot_attempt_facts_v1,shot-on-goal,saved_shot,true,true,true,false,16,28,8484144,8477968,,3,REG,p3,3597,,final_5,0651,EV,ev,3,2,-1,trailing_by_1,32,9,121.33,-175.746,175.746,d_060_plus,a_090_plus,D,defensive,slap,slap,false,3,not_rebound,false,not_rush,false,goalie_in_net,faceoff,16,22,"{""previous_team_shot_play_by_play_id"":1175042,""previous_team_shot_seconds_delta"":62,""rush_reason"":""not_rush"",""source"":""shot_attempt_facts_v1""}",2026-07-27 15:06:58,2026-07-27 17:12:07,false,false,
576,1175051,1175050,2025021232,55,20252026,2026-04-06,shot_attempt_facts_v1,blocked-shot,blocked_shot,true,false,false,false,26,18,8479675,,8480246,1,REG,p1,18,,early_period,1551,EV,ev,0,0,0,tied,-69,-12,23.32,149.036,149.036,d_020_025,a_090_plus,D,defensive,,unknown,false,3,not_rebound,false,not_rush,false,goalie_in_net,hit,26,5,"{""previous_team_shot_play_by_play_id"":null,""previous_team_shot_seconds_delta"":null,""rush_reason"":""not_rush"",""source"":""shot_attempt_facts_v1""}",2026-07-27 15:06:58,2026-07-27 17:12:07,false,false,
577,1175052,1175051,2025021232,56,20252026,2026-04-06,shot_attempt_facts_v1,missed-shot,missed_shot,true,true,false,false,26,18,8482155,8477424,,1,REG,p1,20,,early_period,1551,EV,ev,0,0,0,tied,-84,-14,14.87,109.654,109.654,d_010_015,a_090_plus,O,offensive,wrist,wrist,true,3,rebound,true,rush_attempt,false,goalie_in_net,blocked-shot,26,2,"{""previous_team_shot_play_by_play_id"":1175051,""previous_team_shot_seconds_delta"":2,""rush_reason"":""direct_transition"",""source"":""shot_attempt_facts_v1""}",2026-07-27 15:06:58,2026-07-27 17:12:07,true,true,1175052
578,1175053,1175052,2025021232,58,20252026,2026-04-06,shot_attempt_facts_v1,missed-shot,missed_shot,true,true,false,false,26,18,8482124,8477424,,1,REG,p1,24,,early_period,1551,EV,ev,0,0,0,tied,-86,7,7.62,-113.199,113.199,d_005_010,a_090_plus,O,offensive,backhand,backhand,false,3,not_rebound,false,not_rush,false,goalie_in_net,missed-shot,26,4,"{""previous_team_shot_play_by_play_id"":1175052,""previous_team_shot_seconds_delta"":4,""rush_reason"":""not_rush"",""source"":""shot_attempt_facts_v1""}",2026-07-27 15:06:58,2026-07-27 17:12:07,false,false,
579,1175054,1175053,2025021232,59,20252026,2026-04-06,shot_attempt_facts_v1,missed-shot,missed_shot,true,true,false,false,26,18,8482155,8477424,,1,REG,p1,35,,early_period,1551,EV,ev,0,0,0,tied,-73,7,17.46,-156.371,156.371,d_015_020,a_090_plus,O,offensive,tip-in,tip,false,3,not_rebound,false,not_rush,false,goalie_in_net,missed-shot,26,11,"{""previous_team_shot_play_by_play_id"":1175053,""previous_team_shot_seconds_delta"":11,""rush_reason"":""not_rush"",""source"":""shot_attempt_facts_v1""}",2026-07-27 15:06:58,2026-07-27 17:12:07,false,false,
580,1175056,1175055,2025021232,68,20252026,2026-04-06,shot_attempt_facts_v1,shot-on-goal,saved_shot,true,true,true,false,26,18,8482730,8477424,,1,REG,p1,74,,early_period,1551,EV,ev,0,0,0,tied,-50,32,50.45,-140.631,140.631,d_050_055,a_090_plus,O,offensive,wrist,wrist,false,3,not_rebound,false,not_rush,false,goalie_in_net,hit,26,32,"{""previous_team_shot_play_by_play_id"":1175054,""previous_team_shot_seconds_delta"":39,""rush_reason"":""not_rush"",""source"":""shot_attempt_facts_v1""}",2026-07-27 15:06:58,2026-07-27 17:12:07,false,false,
581,1175061,1175060,2025021232,82,20252026,2026-04-06,shot_attempt_facts_v1,blocked-shot,blocked_shot,true,false,false,false,18,26,8482111,,8476879,1,REG,p1,122,,early_period,1551,EV,ev,0,0,0,tied,81,-6,10.00,36.870,36.870,d_010_015,a_030_040,D,defensive,,unknown,false,3,not_rebound,false,not_rush,false,goalie_in_net,faceoff,26,17,"{""previous_team_shot_play_by_play_id"":null,""previous_team_shot_seconds_delta"":null,""rush_reason"":""not_rush"",""source"":""shot_attempt_facts_v1""}",2026-07-27 15:06:58,2026-07-27 17:12:07,false,false,
582,1175063,1175062,2025021232,87,20252026,2026-04-06,shot_attempt_facts_v1,blocked-shot,blocked_shot,true,false,false,false,26,18,8483406,,8482768,1,REG,p1,146,,early_period,1551,EV,ev,0,0,0,tied,-75,-8,16.12,150.255,150.255,d_015_020,a_090_plus,D,defensive,,unknown,false,3,not_rebound,false,not_rush,false,goalie_in_net,hit,26,2,"{""previous_team_shot_play_by_play_id"":1175056,""previous_team_shot_seconds_delta"":72,""rush_reason"":""not_rush"",""source"":""shot_attempt_facts_v1""}",2026-07-27 15:06:58,2026-07-27 17:12:07,false,false,
583,1175064,1175063,2025021232,90,20252026,2026-04-06,shot_attempt_facts_v1,shot-on-goal,saved_shot,true,true,true,false,18,26,8483465,8476341,,1,REG,p1,151,,early_period,1551,EV,ev,0,0,0,tied,-2,-13,91.92,8.130,8.130,d_060_plus,a_000_010,N,neutral,wrist,wrist,false,3,not_rebound,false,not_rush,false,goalie_in_net,blocked-shot,26,5,"{""previous_team_shot_play_by_play_id"":1175061,""previous_team_shot_seconds_delta"":29,""rush_reason"":""not_rush"",""source"":""shot_attempt_facts_v1""}",2026-07-27 15:06:58,2026-07-27 17:12:07,false,false,
584,1175066,1175065,2025021232,93,20252026,2026-04-06,shot_attempt_facts_v1,blocked-shot,blocked_shot,true,false,false,false,18,26,8474600,,8479998,1,REG,p1,170,,early_period,1551,EV,ev,0,0,0,tied,74,7,16.55,-25.017,25.017,d_015_020,a_020_030,D,defensive,,unknown,false,3,not_rebound,false,not_rush,false,goalie_in_net,giveaway,26,0,"{""previous_team_shot_play_by_play_id"":1175064,""previous_team_shot_seconds_delta"":19,""rush_reason"":""not_rush"",""source"":""shot_attempt_facts_v1""}",2026-07-27 15:06:58,2026-07-27 17:12:07,false,false,
585,1175067,1175066,2025021232,95,20252026,2026-04-06,shot_attempt_facts_v1,missed-shot,missed_shot,true,true,false,false,26,18,8482408,8477424,,1,REG,p1,182,,early_period,1551,EV,ev,0,0,0,tied,-71,-38,42.05,115.346,115.346,d_040_045,a_090_plus,O,offensive,wrist,wrist,false,3,not_rebound,false,not_rush,false,goalie_in_net,blocked-shot,18,12,"{""previous_team_shot_play_by_play_id"":1175063,""previous_team_shot_seconds_delta"":36,""rush_reason"":""not_rush"",""source"":""shot_attempt_facts_v1""}",2026-07-27 15:06:58,2026-07-27 17:12:07,false,false,
586,1175068,1175067,2025021232,98,20252026,2026-04-06,shot_attempt_facts_v1,blocked-shot,blocked_shot,true,false,false,false,26,18,8476441,,8482715,1,REG,p1,190,,early_period,1551,EV,ev,0,0,0,tied,-78,-7,13.04,147.529,147.529,d_010_015,a_090_plus,D,defensive,,unknown,false,3,not_rebound,false,not_rush,false,goalie_in_net,missed-shot,26,8,"{""previous_team_shot_play_by_play_id"":1175067,""previous_team_shot_seconds_delta"":8,""rush_reason"":""not_rush"",""source"":""shot_attempt_facts_v1""}",2026-07-27 15:06:58,2026-07-27 17:12:07,false,false,
587,1175072,1175071,2025021232,116,20252026,2026-04-06,shot_attempt_facts_v1,shot-on-goal,saved_shot,true,true,true,false,18,26,8482482,8476341,,1,REG,p1,255,,early_period,1551,EV,ev,0,0,0,tied,74,37,39.92,-67.932,67.932,d_035_040,a_060_070,O,offensive,wrist,wrist,false,3,not_rebound,false,not_rush,false,goalie_in_net,faceoff,26,52,"{""previous_team_shot_play_by_play_id"":1175066,""previous_team_shot_seconds_delta"":85,""rush_reason"":""not_rush"",""source"":""shot_attempt_facts_v1""}",2026-07-27 15:06:58,2026-07-27 17:12:07,false,false,
588,1175075,1175074,2025021232,122,20252026,2026-04-06,shot_attempt_facts_v1,missed-shot,missed_shot,true,true,false,false,18,26,8482742,8476341,,1,REG,p1,265,,early_period,1551,EV,ev,0,0,0,tied,37,19,55.36,-20.072,20.072,d_055_060,a_020_030,O,offensive,slap,slap,false,3,not_rebound,false,not_rush,false,goalie_in_net,faceoff,26,8,"{""previous_team_shot_play_by_play_id"":1175072,""previous_team_shot_seconds_delta"":10,""rush_reason"":""not_rush"",""source"":""shot_attempt_facts_v1""}",2026-07-27 15:06:58,2026-07-27 17:12:07,false,false,
589,1175083,1175082,2025021232,133,20252026,2026-04-06,shot_attempt_facts_v1,missed-shot,missed_shot,true,true,false,false,26,18,8482124,8477424,,1,REG,p1,324,,early_period,1551,EV,ev,0,0,0,tied,-39,-30,58.31,149.036,149.036,d_055_060,a_090_plus,O,offensive,wrist,wrist,false,3,not_rebound,true,rush_attempt,false,goalie_in_net,giveaway,18,8,"{""previous_team_shot_play_by_play_id"":1175068,""previous_team_shot_seconds_delta"":134,""rush_reason"":""direct_transition"",""source"":""shot_attempt_facts_v1""}",2026-07-27 15:06:58,2026-07-27 17:12:07,true,true,1175083
590,1175085,1175084,2025021232,139,20252026,2026-04-06,shot_attempt_facts_v1,goal,goal,true,true,true,true,26,18,8476469,8477424,,1,REG,p1,336,,early_period,1551,EV,ev,0,0,0,tied,-80,-18,20.12,116.565,116.565,d_020_025,a_090_plus,O,offensive,wrist,wrist,false,3,not_rebound,true,rush_attempt,false,goalie_in_net,takeaway,26,7,"{""previous_team_shot_play_by_play_id"":1175083,""previous_team_shot_seconds_delta"":12,""rush_reason"":""direct_transition"",""source"":""shot_attempt_facts_v1""}",2026-07-27 15:06:58,2026-07-27 17:12:07,true,true,1175085
591,1175087,1175086,2025021232,144,20252026,2026-04-06,shot_attempt_facts_v1,shot-on-goal,saved_shot,true,true,true,false,26,18,8476872,8477424,,1,REG,p1,346,,early_period,1551,EV,ev,1,0,1,leading_by_1,-84,12,13.00,-112.620,112.620,d_010_015,a_090_plus,O,offensive,wrist,wrist,false,3,not_rebound,false,not_rush,false,goalie_in_net,faceoff,18,10,"{""previous_team_shot_play_by_play_id"":1175085,""previous_team_shot_seconds_delta"":10,""rush_reason"":""not_rush"",""source"":""shot_attempt_facts_v1""}",2026-07-27 15:06:58,2026-07-27 17:12:07,false,false,
592,1175091,1175090,2025021232,152,20252026,2026-04-06,shot_attempt_facts_v1,shot-on-goal,saved_shot,true,true,true,false,26,18,8471685,8477424,,1,REG,p1,369,,early_period,1551,EV,ev,1,0,1,leading_by_1,-81,-29,30.08,105.422,105.422,d_030_035,a_090_plus,O,offensive,wrist,wrist,false,3,not_rebound,true,rush_attempt,false,goalie_in_net,giveaway,18,5,"{""previous_team_shot_play_by_play_id"":1175087,""previous_team_shot_seconds_delta"":23,""rush_reason"":""direct_transition"",""source"":""shot_attempt_facts_v1""}",2026-07-27 15:06:58,2026-07-27 17:12:07,true,true,1175091
593,1175094,1175093,2025021232,157,20252026,2026-04-06,shot_attempt_facts_v1,missed-shot,missed_shot,true,true,false,false,18,26,8476887,8476341,,1,REG,p1,395,,early_period,1551,EV,ev,1,0,-1,trailing_by_1,27,-23,66.13,20.353,20.353,d_060_plus,a_020_030,O,offensive,wrist,wrist,false,3,not_rebound,false,not_rush,false,goalie_in_net,faceoff,26,23,"{""previous_team_shot_play_by_play_id"":1175075,""previous_team_shot_seconds_delta"":130,""rush_reason"":""not_rush"",""source"":""shot_attempt_facts_v1""}",2026-07-27 15:06:58,2026-07-27 17:12:07,false,false,
594,1175095,1175094,2025021232,161,20252026,2026-04-06,shot_attempt_facts_v1,blocked-shot,blocked_shot,true,false,false,false,26,18,8482155,,8475287,1,REG,p1,415,,middle_period,1551,EV,ev,1,0,1,leading_by_1,-61,-14,31.30,153.435,153.435,d_030_035,a_090_plus,D,defensive,,unknown,false,3,not_rebound,false,not_rush,false,goalie_in_net,missed-shot,18,20,"{""previous_team_shot_play_by_play_id"":1175091,""previous_team_shot_seconds_delta"":46,""rush_reason"":""not_rush"",""source"":""shot_attempt_facts_v1""}",2026-07-27 15:06:58,2026-07-27 17:12:07,false,false,
595,1175096,1175095,2025021232,162,20252026,2026-04-06,shot_attempt_facts_v1,blocked-shot,blocked_shot,true,false,false,false,26,18,8482155,,8476869,1,REG,p1,420,,middle_period,1551,EV,ev,1,0,1,leading_by_1,-79,24,26.00,-112.620,112.620,d_025_030,a_090_plus,D,defensive,,unknown,false,3,not_rebound,false,not_rush,false,goalie_in_net,blocked-shot,26,5,"{""previous_team_shot_play_by_play_id"":1175095,""previous_team_shot_seconds_delta"":5,""rush_reason"":""not_rush"",""source"":""shot_attempt_facts_v1""}",2026-07-27 15:06:58,2026-07-27 17:12:07,false,false,
596,1175099,1175098,2025021232,167,20252026,2026-04-06,shot_attempt_facts_v1,blocked-shot,blocked_shot,true,false,false,false,26,18,8474563,,8475158,1,REG,p1,428,,middle_period,1551,EV,ev,1,0,1,leading_by_1,-67,17,27.80,-142.306,142.306,d_025_030,a_090_plus,D,defensive,,unknown,false,3,not_rebound,false,not_rush,false,goalie_in_net,faceoff,26,6,"{""previous_team_shot_play_by_play_id"":1175096,""previous_team_shot_seconds_delta"":8,""rush_reason"":""not_rush"",""source"":""shot_attempt_facts_v1""}",2026-07-27 15:06:58,2026-07-27 17:12:07,false,false,
597,1175102,1175101,2025021232,177,20252026,2026-04-06,shot_attempt_facts_v1,shot-on-goal,saved_shot,true,true,true,false,18,26,8482146,8476341,,1,REG,p1,480,,middle_period,1551,EV,ev,1,0,-1,trailing_by_1,81,-7,10.63,41.186,41.186,d_010_015,a_040_050,O,offensive,wrist,wrist,false,3,not_rebound,false,not_rush,false,goalie_in_net,hit,18,13,"{""previous_team_shot_play_by_play_id"":1175094,""previous_team_shot_seconds_delta"":85,""rush_reason"":""not_rush"",""source"":""shot_attempt_facts_v1""}",2026-07-27 15:06:58,2026-07-27 17:12:07,false,false,
598,1175107,1175106,2025021232,184,20252026,2026-04-06,shot_attempt_facts_v1,blocked-shot,blocked_shot,true,false,false,false,18,26,8483465,,8482730,1,REG,p1,521,,middle_period,1551,EV,ev,1,0,-1,trailing_by_1,62,19,33.02,-35.134,35.134,d_030_035,a_030_040,D,defensive,,unknown,false,3,not_rebound,false,not_rush,false,goalie_in_net,hit,26,1,"{""previous_team_shot_play_by_play_id"":1175102,""previous_team_shot_seconds_delta"":41,""rush_reason"":""not_rush"",""source"":""shot_attempt_facts_v1""}",2026-07-27 15:06:58,2026-07-27 17:12:07,false,false,
599,1175108,1175107,2025021232,185,20252026,2026-04-06,shot_attempt_facts_v1,missed-shot,missed_shot,true,true,false,false,18,26,8476869,8476341,,1,REG,p1,528,,middle_period,1551,EV,ev,1,0,-1,trailing_by_1,33,33,65.00,-30.510,30.510,d_060_plus,a_030_040,O,offensive,slap,slap,false,3,not_rebound,true,rush_attempt,false,goalie_in_net,blocked-shot,18,7,"{""previous_team_shot_play_by_play_id"":1175107,""previous_team_shot_seconds_delta"":7,""rush_reason"":""direct_transition"",""source"":""shot_attempt_facts_v1""}",2026-07-27 15:06:58,2026-07-27 17:12:07,true,true,1175108
600,1175109,1175108,2025021232,194,20252026,2026-04-06,shot_attempt_facts_v1,missed-shot,missed_shot,true,true,false,false,18,26,8476539,8476341,,1,REG,p1,554,,middle_period,1551,EV,ev,1,0,-1,trailing_by_1,46,20,47.42,-24.944,24.944,d_045_050,a_020_030,O,offensive,slap,slap,false,3,not_rebound,false,not_rush,false,goalie_in_net,missed-shot,18,26,"{""previous_team_shot_play_by_play_id"":1175108,""previous_team_shot_seconds_delta"":26,""rush_reason"":""not_rush"",""source"":""shot_attempt_facts_v1""}",2026-07-27 15:06:58,2026-07-27 17:12:07,false,false,
601,1175110,1175109,2025021232,196,20252026,2026-04-06,shot_attempt_facts_v1,blocked-shot,blocked_shot,true,false,false,false,18,26,8476887,,8476879,1,REG,p1,572,,middle_period,1551,EV,ev,1,0,-1,trailing_by_1,61,12,30.46,-23.199,23.199,d_030_035,a_020_030,D,defensive,,unknown,false,3,not_rebound,false,not_rush,false,goalie_in_net,missed-shot,18,18,"{""previous_team_shot_play_by_play_id"":1175109,""previous_team_shot_seconds_delta"":18,""rush_reason"":""not_rush"",""source"":""shot_attempt_facts_v1""}",2026-07-27 15:06:58,2026-07-27 17:12:07,false,false,
602,1175112,1175111,2025021232,215,20252026,2026-04-06,shot_attempt_facts_v1,shot-on-goal,saved_shot,true,true,true,false,26,18,8474563,8477424,,1,REG,p1,646,,middle_period,1551,EV,ev,1,0,1,leading_by_1,39,39,133.81,-163.055,163.055,d_060_plus,a_090_plus,D,defensive,wrist,wrist,false,3,not_rebound,false,not_rush,false,goalie_in_net,takeaway,18,7,"{""previous_team_shot_play_by_play_id"":1175099,""previous_team_shot_seconds_delta"":218,""rush_reason"":""not_rush"",""source"":""shot_attempt_facts_v1""}",2026-07-27 15:06:58,2026-07-27 17:12:07,false,false,
603,1175115,1175114,2025021232,224,20252026,2026-04-06,shot_attempt_facts_v1,shot-on-goal,saved_shot,true,true,true,false,26,18,8483406,8477424,,1,REG,p1,691,,middle_period,1551,EV,ev,1,0,1,leading_by_1,-78,-23,25.50,115.560,115.560,d_025_030,a_090_plus,O,offensive,backhand,backhand,false,3,not_rebound,false,not_rush,false,goalie_in_net,giveaway,18,15,"{""previous_team_shot_play_by_play_id"":1175112,""previous_team_shot_seconds_delta"":45,""rush_reason"":""not_rush"",""source"":""shot_attempt_facts_v1""}",2026-07-27 15:06:58,2026-07-27 17:12:07,false,false,
604,1175116,1175115,2025021232,226,20252026,2026-04-06,shot_attempt_facts_v1,missed-shot,missed_shot,true,true,false,false,26,18,8483406,8477424,,1,REG,p1,704,,middle_period,1551,EV,ev,1,0,1,leading_by_1,-82,-2,7.28,164.055,164.055,d_005_010,a_090_plus,O,offensive,tip-in,tip,false,3,not_rebound,false,not_rush,false,goalie_in_net,shot-on-goal,26,13,"{""previous_team_shot_play_by_play_id"":1175115,""previous_team_shot_seconds_delta"":13,""rush_reason"":""not_rush"",""source"":""shot_attempt_facts_v1""}",2026-07-27 15:06:58,2026-07-27 17:12:07,false,false,
605,1175117,1175116,2025021232,228,20252026,2026-04-06,shot_attempt_facts_v1,shot-on-goal,saved_shot,true,true,true,false,26,18,8482408,8477424,,1,REG,p1,716,,middle_period,1551,EV,ev,1,0,1,leading_by_1,-78,-12,16.28,132.510,132.510,d_015_020,a_090_plus,O,offensive,snap,snap,false,3,not_rebound,false,not_rush,false,goalie_in_net,missed-shot,26,12,"{""previous_team_shot_play_by_play_id"":1175116,""previous_team_shot_seconds_delta"":12,""rush_reason"":""not_rush"",""source"":""shot_attempt_facts_v1""}",2026-07-27 15:06:58,2026-07-27 17:12:07,false,false,
606,1175119,1175118,2025021232,230,20252026,2026-04-06,shot_attempt_facts_v1,shot-on-goal,saved_shot,true,true,true,false,26,18,8482408,8477424,,1,REG,p1,726,,middle_period,1551,EV,ev,1,0,1,leading_by_1,-86,-13,13.34,102.995,102.995,d_010_015,a_090_plus,O,offensive,wrist,wrist,false,3,not_rebound,true,rush_attempt,false,goalie_in_net,hit,18,6,"{""previous_team_shot_play_by_play_id"":1175117,""previous_team_shot_seconds_delta"":10,""rush_reason"":""direct_transition"",""source"":""shot_attempt_facts_v1""}",2026-07-27 15:06:58,2026-07-27 17:12:07,true,true,1175119
607,1175120,1175119,2025021232,231,20252026,2026-04-06,shot_attempt_facts_v1,shot-on-goal,saved_shot,true,true,true,false,26,18,8482408,8477424,,1,REG,p1,728,,middle_period,1551,EV,ev,1,0,1,leading_by_1,-72,-18,24.76,133.363,133.363,d_020_025,a_090_plus,O,offensive,wrist,wrist,true,3,rebound,true,rush_rebound,false,goalie_in_net,shot-on-goal,26,2,"{""previous_team_shot_play_by_play_id"":1175119,""previous_team_shot_seconds_delta"":2,""rush_reason"":""rebound_from_rush_attempt"",""source"":""shot_attempt_facts_v1""}",2026-07-27 15:06:58,2026-07-27 17:12:07,false,true,1175119
608,1175133,1175132,2025021232,259,20252026,2026-04-06,shot_attempt_facts_v1,blocked-shot,blocked_shot,true,false,false,false,26,18,8482124,,8475287,1,REG,p1,853,,late_period,1551,EV,ev,1,0,1,leading_by_1,-41,29,56.08,-148.861,148.861,d_055_060,a_090_plus,D,defensive,,unknown,false,3,not_rebound,false,not_rush,false,goalie_in_net,giveaway,18,6,"{""previous_team_shot_play_by_play_id"":1175120,""previous_team_shot_seconds_delta"":125,""rush_reason"":""not_rush"",""source"":""shot_attempt_facts_v1""}",2026-07-27 15:06:58,2026-07-27 17:12:07,false,false,
609,1175135,1175134,2025021232,266,20252026,2026-04-06,shot_attempt_facts_v1,blocked-shot,blocked_shot,true,false,false,false,26,18,8482155,,8480246,1,REG,p1,878,,late_period,1551,EV,ev,1,0,1,leading_by_1,-78,10,14.87,-137.726,137.726,d_010_015,a_090_plus,D,defensive,,unknown,false,3,not_rebound,false,not_rush,false,goalie_in_net,giveaway,18,9,"{""previous_team_shot_play_by_play_id"":1175133,""previous_team_shot_seconds_delta"":25,""rush_reason"":""not_rush"",""source"":""shot_attempt_facts_v1""}",2026-07-27 15:06:58,2026-07-27 17:12:07,false,false,
610,1175138,1175137,2025021232,274,20252026,2026-04-06,shot_attempt_facts_v1,shot-on-goal,saved_shot,true,true,true,false,26,18,8478550,8477424,,1,REG,p1,887,,late_period,1551,EV,ev,1,0,1,leading_by_1,-60,-17,33.62,149.621,149.621,d_030_035,a_090_plus,O,offensive,snap,snap,false,3,not_rebound,false,not_rush,false,goalie_in_net,faceoff,26,7,"{""previous_team_shot_play_by_play_id"":1175135,""previous_team_shot_seconds_delta"":9,""rush_reason"":""not_rush"",""source"":""shot_attempt_facts_v1""}",2026-07-27 15:06:58,2026-07-27 17:12:07,false,false,
611,1175139,1175138,2025021232,351,20252026,2026-04-06,shot_attempt_facts_v1,missed-shot,missed_shot,true,true,false,false,26,18,8476441,8477424,,1,REG,p1,901,,late_period,1551,EV,ev,1,0,1,leading_by_1,-59,0,30.00,180.000,180.000,d_030_035,a_090_plus,O,offensive,tip-in,tip,false,3,not_rebound,false,not_rush,false,goalie_in_net,shot-on-goal,26,14,"{""previous_team_shot_play_by_play_id"":1175138,""previous_team_shot_seconds_delta"":14,""rush_reason"":""not_rush"",""source"":""shot_attempt_facts_v1""}",2026-07-27 15:06:58,2026-07-27 17:12:07,false,false,
612,1175141,1175140,2025021232,352,20252026,2026-04-06,shot_attempt_facts_v1,missed-shot,missed_shot,true,true,false,false,26,18,8478550,8477424,,1,REG,p1,926,,late_period,1551,EV,ev,1,0,1,leading_by_1,-12,-33,83.77,156.801,156.801,d_060_plus,a_090_plus,N,neutral,wrist,wrist,false,3,not_rebound,false,not_rush,false,goalie_in_net,takeaway,26,10,"{""previous_team_shot_play_by_play_id"":1175139,""previous_team_shot_seconds_delta"":25,""rush_reason"":""not_rush"",""source"":""shot_attempt_facts_v1""}",2026-07-27 15:06:58,2026-07-27 17:12:07,false,false,
613,1175144,1175143,2025021232,284,20252026,2026-04-06,shot_attempt_facts_v1,blocked-shot,blocked_shot,true,false,false,false,26,18,8482408,,8482111,1,REG,p1,957,,late_period,1551,EV,ev,1,0,1,leading_by_1,-76,5,13.93,-158.962,158.962,d_010_015,a_090_plus,D,defensive,,unknown,false,3,not_rebound,false,not_rush,false,goalie_in_net,hit,26,2,"{""previous_team_shot_play_by_play_id"":1175141,""previous_team_shot_seconds_delta"":31,""rush_reason"":""not_rush"",""source"":""shot_attempt_facts_v1""}",2026-07-27 15:06:58,2026-07-27 17:12:07,false,false,
614,1175150,1175149,2025021232,294,20252026,2026-04-06,shot_attempt_facts_v1,missed-shot,missed_shot,true,true,false,false,18,26,8482111,8476341,,1,REG,p1,981,,late_period,1551,EV,ev,1,0,-1,trailing_by_1,61,-25,37.54,41.760,41.760,d_035_040,a_040_050,O,offensive,wrist,wrist,false,3,not_rebound,false,not_rush,false,goalie_in_net,hit,26,10,"{""previous_team_shot_play_by_play_id"":1175110,""previous_team_shot_seconds_delta"":409,""rush_reason"":""not_rush"",""source"":""shot_attempt_facts_v1""}",2026-07-27 15:06:58,2026-07-27 17:12:07,false,false,
615,1175151,1175150,2025021232,295,20252026,2026-04-06,shot_attempt_facts_v1,blocked-shot,blocked_shot,true,false,false,false,18,26,8482482,,8479675,1,REG,p1,983,,late_period,1551,EV,ev,1,0,-1,trailing_by_1,62,29,39.62,-47.045,47.045,d_035_040,a_040_050,D,defensive,,unknown,true,3,rebound,false,not_rush,false,goalie_in_net,missed-shot,18,2,"{""previous_team_shot_play_by_play_id"":1175150,""previous_team_shot_seconds_delta"":2,""rush_reason"":""not_rush"",""source"":""shot_attempt_facts_v1""}",2026-07-27 15:06:58,2026-07-27 17:12:07,false,false,
616,1175152,1175151,2025021232,353,20252026,2026-04-06,shot_attempt_facts_v1,blocked-shot,blocked_shot,true,false,false,false,18,26,8475158,,8479998,1,REG,p1,1012,,late_period,1551,EV,ev,1,0,-1,trailing_by_1,71,0,18.00,0.000,0.000,d_015_020,a_000_010,D,defensive,,unknown,false,3,not_rebound,false,not_rush,false,goalie_in_net,blocked-shot,18,29,"{""previous_team_shot_play_by_play_id"":1175151,""previous_team_shot_seconds_delta"":29,""rush_reason"":""not_rush"",""source"":""shot_attempt_facts_v1""}",2026-07-27 15:06:58,2026-07-27 17:12:07,false,false,
617,1175154,1175153,2025021232,308,20252026,2026-04-06,shot_attempt_facts_v1,shot-on-goal,saved_shot,true,true,true,false,26,18,8476872,8477424,,1,REG,p1,1039,,late_period,1551,EV,ev,1,0,1,leading_by_1,-75,27,30.41,-117.408,117.408,d_030_035,a_090_plus,O,offensive,wrist,wrist,false,3,not_rebound,false,not_rush,false,goalie_in_net,hit,18,5,"{""previous_team_shot_play_by_play_id"":1175144,""previous_team_shot_seconds_delta"":82,""rush_reason"":""not_rush"",""source"":""shot_attempt_facts_v1""}",2026-07-27 15:06:58,2026-07-27 17:12:07,false,false,
618,1175155,1175154,2025021232,309,20252026,2026-04-06,shot_attempt_facts_v1,shot-on-goal,saved_shot,true,true,true,false,26,18,8476469,8477424,,1,REG,p1,1053,,late_period,1551,EV,ev,1,0,1,leading_by_1,-62,19,33.02,-144.866,144.866,d_030_035,a_090_plus,O,offensive,wrist,wrist,false,3,not_rebound,false,not_rush,false,goalie_in_net,shot-on-goal,26,14,"{""previous_team_shot_play_by_play_id"":1175154,""previous_team_shot_seconds_delta"":14,""rush_reason"":""not_rush"",""source"":""shot_attempt_facts_v1""}",2026-07-27 15:06:58,2026-07-27 17:12:07,false,false,
619,1175160,1175159,2025021232,319,20252026,2026-04-06,shot_attempt_facts_v1,missed-shot,missed_shot,true,true,false,false,26,18,8482730,8477424,,1,REG,p1,1066,,late_period,1551,EV,ev,1,0,1,leading_by_1,-40,40,63.25,-140.774,140.774,d_060_plus,a_090_plus,O,offensive,wrist,wrist,false,3,not_rebound,false,not_rush,false,goalie_in_net,faceoff,26,3,"{""previous_team_shot_play_by_play_id"":1175155,""previous_team_shot_seconds_delta"":13,""rush_reason"":""not_rush"",""source"":""shot_attempt_facts_v1""}",2026-07-27 15:06:58,2026-07-27 17:12:07,false,false,
620,1175163,1175162,2025021232,326,20252026,2026-04-06,shot_attempt_facts_v1,shot-on-goal,saved_shot,true,true,true,false,18,26,8484241,8476341,,1,REG,p1,1084,,late_period,1551,EV,ev,1,0,-1,trailing_by_1,65,-9,25.63,20.556,20.556,d_025_030,a_020_030,O,offensive,tip-in,tip,false,3,not_rebound,false,not_rush,false,goalie_in_net,faceoff,18,4,"{""previous_team_shot_play_by_play_id"":1175152,""previous_team_shot_seconds_delta"":72,""rush_reason"":""not_rush"",""source"":""shot_attempt_facts_v1""}",2026-07-27 15:06:58,2026-07-27 17:12:07,false,false,
621,1175167,1175166,2025021232,342,20252026,2026-04-06,shot_attempt_facts_v1,blocked-shot,blocked_shot,true,false,false,false,26,18,8475208,,8482111,1,REG,p1,1166,,late_period,1551,EV,ev,1,0,1,leading_by_1,-77,-17,20.81,125.218,125.218,d_020_025,a_090_plus,D,defensive,,unknown,false,3,not_rebound,false,not_rush,false,goalie_in_net,giveaway,26,32,"{""previous_team_shot_play_by_play_id"":1175160,""previous_team_shot_seconds_delta"":100,""rush_reason"":""not_rush"",""source"":""shot_attempt_facts_v1""}",2026-07-27 15:06:58,2026-07-27 17:12:07,false,false,
622,1175171,1175170,2025021232,451,20252026,2026-04-06,shot_attempt_facts_v1,shot-on-goal,saved_shot,true,true,true,false,18,26,8482742,8476341,,2,REG,p2,1223,,early_period,1551,EV,ev,1,0,-1,trailing_by_1,-38,-21,55.15,157.620,157.620,d_055_060,a_090_plus,O,offensive,wrist,wrist,false,3,not_rebound,false,not_rush,false,goalie_in_net,faceoff,26,23,"{""previous_team_shot_play_by_play_id"":1175163,""previous_team_shot_seconds_delta"":139,""rush_reason"":""not_rush"",""source"":""shot_attempt_facts_v1""}",2026-07-27 15:06:58,2026-07-27 17:12:07,false,false,
623,1175174,1175173,2025021232,456,20252026,2026-04-06,shot_attempt_facts_v1,shot-on-goal,saved_shot,true,true,true,false,26,18,8476872,8477424,,2,REG,p2,1237,,early_period,1551,EV,ev,1,0,1,leading_by_1,70,-20,27.59,46.469,46.469,d_025_030,a_040_050,O,offensive,wrist,wrist,false,3,not_rebound,false,not_rush,false,goalie_in_net,faceoff,26,12,"{""previous_team_shot_play_by_play_id"":1175167,""previous_team_shot_seconds_delta"":71,""rush_reason"":""not_rush"",""source"":""shot_attempt_facts_v1""}",2026-07-27 15:06:58,2026-07-27 17:12:07,false,false,
624,1175176,1175175,2025021232,354,20252026,2026-04-06,shot_attempt_facts_v1,shot-on-goal,saved_shot,true,true,true,false,26,18,8476872,8477424,,2,REG,p2,1254,,early_period,1551,EV,ev,1,0,1,leading_by_1,91,32,32.06,-93.576,93.576,d_030_035,a_090_plus,O,offensive,wrist,wrist,false,3,not_rebound,false,not_rush,false,goalie_in_net,hit,18,8,"{""previous_team_shot_play_by_play_id"":1175174,""previous_team_shot_seconds_delta"":17,""rush_reason"":""not_rush"",""source"":""shot_attempt_facts_v1""}",2026-07-27 15:06:58,2026-07-27 17:12:07,false,false,
625,1175177,1175176,2025021232,462,20252026,2026-04-06,shot_attempt_facts_v1,blocked-shot,blocked_shot,true,false,false,false,18,26,8474564,,8482730,2,REG,p2,1283,,early_period,1551,EV,ev,1,0,-1,trailing_by_1,-63,13,29.07,-153.435,153.435,d_025_030,a_090_plus,D,defensive,,unknown,false,3,not_rebound,false,not_rush,false,goalie_in_net,shot-on-goal,26,29,"{""previous_team_shot_play_by_play_id"":1175171,""previous_team_shot_seconds_delta"":60,""rush_reason"":""not_rush"",""source"":""shot_attempt_facts_v1""}",2026-07-27 15:06:58,2026-07-27 17:12:07,false,false,
626,1175180,1175179,2025021232,470,20252026,2026-04-06,shot_attempt_facts_v1,blocked-shot,blocked_shot,true,false,false,false,18,26,8474600,,8471685,2,REG,p2,1297,,early_period,1551,EV,ev,1,0,-1,trailing_by_1,-75,-16,21.26,131.186,131.186,d_020_025,a_090_plus,D,defensive,,unknown,false,3,not_rebound,false,not_rush,false,goalie_in_net,faceoff,18,1,"{""previous_team_shot_play_by_play_id"":1175177,""previous_team_shot_seconds_delta"":14,""rush_reason"":""not_rush"",""source"":""shot_attempt_facts_v1""}",2026-07-27 15:06:58,2026-07-27 17:12:07,false,false,
627,1175181,1175180,2025021232,472,20252026,2026-04-06,shot_attempt_facts_v1,missed-shot,missed_shot,true,true,false,false,18,26,8474600,8476341,,2,REG,p2,1305,,early_period,1551,EV,ev,1,0,-1,trailing_by_1,-84,-31,31.40,99.162,99.162,d_030_035,a_090_plus,O,offensive,wrist,wrist,false,3,not_rebound,true,rush_attempt,false,goalie_in_net,blocked-shot,18,8,"{""previous_team_shot_play_by_play_id"":1175180,""previous_team_shot_seconds_delta"":8,""rush_reason"":""direct_transition"",""source"":""shot_attempt_facts_v1""}",2026-07-27 15:06:58,2026-07-27 17:12:07,true,true,1175181
628,1175182,1175181,2025021232,474,20252026,2026-04-06,shot_attempt_facts_v1,shot-on-goal,saved_shot,true,true,true,false,26,18,8476441,8477424,,2,REG,p2,1313,,early_period,1551,EV,ev,1,0,1,leading_by_1,70,4,19.42,-11.889,11.889,d_015_020,a_010_020,O,offensive,wrist,wrist,false,3,not_rebound,false,not_rush,false,goalie_in_net,missed-shot,18,8,"{""previous_team_shot_play_by_play_id"":1175176,""previous_team_shot_seconds_delta"":59,""rush_reason"":""not_rush"",""source"":""shot_attempt_facts_v1""}",2026-07-27 15:06:58,2026-07-27 17:12:07,false,false,
629,1175185,1175184,2025021232,478,20252026,2026-04-06,shot_attempt_facts_v1,missed-shot,missed_shot,true,true,false,false,26,18,8482730,8477424,,2,REG,p2,1320,,early_period,1551,EV,ev,1,0,1,leading_by_1,81,18,19.70,-66.038,66.038,d_015_020,a_060_070,O,offensive,backhand,backhand,false,3,not_rebound,false,not_rush,false,goalie_in_net,faceoff,26,4,"{""previous_team_shot_play_by_play_id"":1175182,""previous_team_shot_seconds_delta"":7,""rush_reason"":""not_rush"",""source"":""shot_attempt_facts_v1""}",2026-07-27 15:06:58,2026-07-27 17:12:07,false,false,
630,1175186,1175185,2025021232,479,20252026,2026-04-06,shot_attempt_facts_v1,shot-on-goal,saved_shot,true,true,true,false,26,18,8482730,8477424,,2,REG,p2,1328,,early_period,1551,EV,ev,1,0,1,leading_by_1,47,11,43.42,-14.676,14.676,d_040_045,a_010_020,O,offensive,wrist,wrist,false,3,not_rebound,false,not_rush,false,goalie_in_net,missed-shot,26,8,"{""previous_team_shot_play_by_play_id"":1175185,""previous_team_shot_seconds_delta"":8,""rush_reason"":""not_rush"",""source"":""shot_attempt_facts_v1""}",2026-07-27 15:06:58,2026-07-27 17:12:07,false,false,
631,1175189,1175188,2025021232,487,20252026,2026-04-06,shot_attempt_facts_v1,shot-on-goal,saved_shot,true,true,true,false,18,26,8482146,8476341,,2,REG,p2,1354,,early_period,1551,EV,ev,1,0,-1,trailing_by_1,-77,33,35.11,-109.983,109.983,d_035_040,a_090_plus,O,offensive,wrist,wrist,false,3,not_rebound,false,not_rush,false,goalie_in_net,faceoff,18,15,"{""previous_team_shot_play_by_play_id"":1175181,""previous_team_shot_seconds_delta"":49,""rush_reason"":""not_rush"",""source"":""shot_attempt_facts_v1""}",2026-07-27 15:06:58,2026-07-27 17:12:07,false,false,
632,1175191,1175190,2025021232,492,20252026,2026-04-06,shot_attempt_facts_v1,shot-on-goal,saved_shot,true,true,true,false,18,26,8482482,8476341,,2,REG,p2,1382,,early_period,1551,EV,ev,1,0,-1,trailing_by_1,-60,21,35.81,-144.090,144.090,d_035_040,a_090_plus,O,offensive,wrist,wrist,false,3,not_rebound,false,not_rush,false,goalie_in_net,hit,18,24,"{""previous_team_shot_play_by_play_id"":1175189,""previous_team_shot_seconds_delta"":28,""rush_reason"":""not_rush"",""source"":""shot_attempt_facts_v1""}",2026-07-27 15:06:58,2026-07-27 17:12:07,false,false,
633,1175196,1175195,2025021232,507,20252026,2026-04-06,shot_attempt_facts_v1,shot-on-goal,saved_shot,true,true,true,false,18,26,8474600,8476341,,2,REG,p2,1425,,early_period,1531,PP,pp,1,0,-1,trailing_by_1,-60,-12,31.38,157.521,157.521,d_030_035,a_090_plus,O,offensive,slap,slap,false,3,not_rebound,false,not_rush,false,goalie_in_net,faceoff,26,32,"{""previous_team_shot_play_by_play_id"":1175191,""previous_team_shot_seconds_delta"":43,""rush_reason"":""not_rush"",""source"":""shot_attempt_facts_v1""}",2026-07-27 15:06:58,2026-07-27 17:12:07,false,false,
634,1175199,1175198,2025021232,510,20252026,2026-04-06,shot_attempt_facts_v1,missed-shot,missed_shot,true,true,false,false,18,26,8475158,8476341,,2,REG,p2,1446,,early_period,1531,PP,pp,1,0,-1,trailing_by_1,-74,13,19.85,-139.086,139.086,d_015_020,a_090_plus,O,offensive,wrist,wrist,false,3,not_rebound,false,not_rush,false,goalie_in_net,faceoff,18,19,"{""previous_team_shot_play_by_play_id"":1175196,""previous_team_shot_seconds_delta"":21,""rush_reason"":""not_rush"",""source"":""shot_attempt_facts_v1""}",2026-07-27 15:06:58,2026-07-27 17:12:07,false,false,
635,1175200,1175199,2025021232,512,20252026,2026-04-06,shot_attempt_facts_v1,goal,goal,true,true,true,true,18,26,8474564,8476341,,2,REG,p2,1469,,early_period,1531,PP,pp,1,0,-1,trailing_by_1,-70,-20,27.59,133.531,133.531,d_025_030,a_090_plus,O,offensive,slap,slap,false,3,not_rebound,false,not_rush,false,goalie_in_net,missed-shot,18,23,"{""previous_team_shot_play_by_play_id"":1175199,""previous_team_shot_seconds_delta"":23,""rush_reason"":""not_rush"",""source"":""shot_attempt_facts_v1""}",2026-07-27 15:06:58,2026-07-27 17:12:07,false,false,
636,1175207,1175206,2025021232,530,20252026,2026-04-06,shot_attempt_facts_v1,blocked-shot,blocked_shot,true,false,false,false,26,18,8482730,,8482742,2,REG,p2,1543,,early_period,1551,EV,ev,1,1,0,tied,55,-23,41.05,34.077,34.077,d_040_045,a_030_040,D,defensive,,unknown,false,3,not_rebound,false,not_rush,false,goalie_in_net,hit,18,19,"{""previous_team_shot_play_by_play_id"":1175186,""previous_team_shot_seconds_delta"":215,""rush_reason"":""not_rush"",""source"":""shot_attempt_facts_v1""}",2026-07-27 15:06:58,2026-07-27 17:12:07,false,false,
637,1175208,1175207,2025021232,531,20252026,2026-04-06,shot_attempt_facts_v1,missed-shot,missed_shot,true,true,false,false,26,18,8482730,8477424,,2,REG,p2,1567,,early_period,1551,EV,ev,1,1,0,tied,79,-28,29.73,70.346,70.346,d_025_030,a_070_080,O,offensive,wrist,wrist,false,3,not_rebound,false,not_rush,false,goalie_in_net,blocked-shot,26,24,"{""previous_team_shot_play_by_play_id"":1175207,""previous_team_shot_seconds_delta"":24,""rush_reason"":""not_rush"",""source"":""shot_attempt_facts_v1""}",2026-07-27 15:06:58,2026-07-27 17:12:07,false,false,
638,1175209,1175208,2025021232,533,20252026,2026-04-06,shot_attempt_facts_v1,shot-on-goal,saved_shot,true,true,true,false,18,26,8482146,8476341,,2,REG,p2,1574,,early_period,1551,EV,ev,1,1,0,tied,-32,32,65.37,-150.690,150.690,d_060_plus,a_090_plus,O,offensive,wrist,wrist,false,3,not_rebound,false,not_rush,false,goalie_in_net,missed-shot,26,7,"{""previous_team_shot_play_by_play_id"":1175200,""previous_team_shot_seconds_delta"":105,""rush_reason"":""not_rush"",""source"":""shot_attempt_facts_v1""}",2026-07-27 15:06:58,2026-07-27 17:12:07,false,false,
639,1175212,1175211,2025021232,539,20252026,2026-04-06,shot_attempt_facts_v1,shot-on-goal,saved_shot,true,true,true,false,18,26,8483513,8476341,,2,REG,p2,1608,,middle_period,1551,EV,ev,1,1,0,tied,-72,-23,28.60,126.469,126.469,d_025_030,a_090_plus,O,offensive,wrist,wrist,false,3,not_rebound,true,rush_attempt,false,goalie_in_net,hit,26,1,"{""previous_team_shot_play_by_play_id"":1175209,""previous_team_shot_seconds_delta"":34,""rush_reason"":""direct_transition"",""source"":""shot_attempt_facts_v1""}",2026-07-27 15:06:58,2026-07-27 17:12:07,true,true,1175212
640,1175213,1175212,2025021232,540,20252026,2026-04-06,shot_attempt_facts_v1,shot-on-goal,saved_shot,true,true,true,false,18,26,8483513,8476341,,2,REG,p2,1614,,middle_period,1551,EV,ev,1,1,0,tied,-81,5,9.43,-147.995,147.995,d_005_010,a_090_plus,O,offensive,deflected,deflection,false,3,not_rebound,false,not_rush,false,goalie_in_net,shot-on-goal,18,6,"{""previous_team_shot_play_by_play_id"":1175212,""previous_team_shot_seconds_delta"":6,""rush_reason"":""not_rush"",""source"":""shot_attempt_facts_v1""}",2026-07-27 15:06:58,2026-07-27 17:12:07,false,false,
641,1175214,1175213,2025021232,544,20252026,2026-04-06,shot_attempt_facts_v1,shot-on-goal,saved_shot,true,true,true,false,18,26,8482768,8476341,,2,REG,p2,1629,,middle_period,1551,EV,ev,1,1,0,tied,-66,-20,30.48,138.991,138.991,d_030_035,a_090_plus,O,offensive,wrist,wrist,false,3,not_rebound,false,not_rush,false,goalie_in_net,shot-on-goal,18,15,"{""previous_team_shot_play_by_play_id"":1175213,""previous_team_shot_seconds_delta"":15,""rush_reason"":""not_rush"",""source"":""shot_attempt_facts_v1""}",2026-07-27 15:06:58,2026-07-27 17:12:07,false,false,
642,1175215,1175214,2025021232,545,20252026,2026-04-06,shot_attempt_facts_v1,missed-shot,missed_shot,true,true,false,false,18,26,8482768,8476341,,2,REG,p2,1631,,middle_period,1551,EV,ev,1,1,0,tied,-75,10,17.20,-144.462,144.462,d_015_020,a_090_plus,O,offensive,backhand,backhand,true,3,rebound,false,not_rush,false,goalie_in_net,shot-on-goal,18,2,"{""previous_team_shot_play_by_play_id"":1175214,""previous_team_shot_seconds_delta"":2,""rush_reason"":""not_rush"",""source"":""shot_attempt_facts_v1""}",2026-07-27 15:06:58,2026-07-27 17:12:07,false,false,
643,1175217,1175216,2025021232,554,20252026,2026-04-06,shot_attempt_facts_v1,missed-shot,missed_shot,true,true,false,false,26,18,8482408,8477424,,2,REG,p2,1667,,middle_period,1551,EV,ev,1,1,0,tied,83,9,10.82,-56.310,56.310,d_010_015,a_050_060,O,offensive,wrist,wrist,false,3,not_rebound,false,not_rush,false,goalie_in_net,hit,26,23,"{""previous_team_shot_play_by_play_id"":1175208,""previous_team_shot_seconds_delta"":100,""rush_reason"":""not_rush"",""source"":""shot_attempt_facts_v1""}",2026-07-27 15:06:58,2026-07-27 17:12:07,false,false,
644,1175220,1175219,2025021232,560,20252026,2026-04-06,shot_attempt_facts_v1,blocked-shot,blocked_shot,true,false,false,false,26,18,8476872,,8482482,2,REG,p2,1688,,middle_period,1551,EV,ev,1,1,0,tied,60,-6,29.61,11.689,11.689,d_025_030,a_010_020,D,defensive,,unknown,false,3,not_rebound,false,not_rush,false,goalie_in_net,giveaway,18,2,"{""previous_team_shot_play_by_play_id"":1175217,""previous_team_shot_seconds_delta"":21,""rush_reason"":""not_rush"",""source"":""shot_attempt_facts_v1""}",2026-07-27 15:06:58,2026-07-27 17:12:07,false,false,
645,1175221,1175220,2025021232,565,20252026,2026-04-06,shot_attempt_facts_v1,shot-on-goal,saved_shot,true,true,true,false,18,26,8475158,8476341,,2,REG,p2,1698,,middle_period,1551,EV,ev,1,1,0,tied,-85,5,6.40,-128.660,128.660,d_005_010,a_090_plus,O,offensive,wrist,wrist,false,3,not_rebound,false,not_rush,false,goalie_in_net,blocked-shot,26,10,"{""previous_team_shot_play_by_play_id"":1175215,""previous_team_shot_seconds_delta"":67,""rush_reason"":""not_rush"",""source"":""shot_attempt_facts_v1""}",2026-07-27 15:06:58,2026-07-27 17:12:07,false,false,
646,1175222,1175221,2025021232,567,20252026,2026-04-06,shot_attempt_facts_v1,missed-shot,missed_shot,true,true,false,false,18,26,8476539,8476341,,2,REG,p2,1705,,middle_period,1551,EV,ev,1,1,0,tied,-80,19,21.02,-115.346,115.346,d_020_025,a_090_plus,O,offensive,wrist,wrist,false,3,not_rebound,false,not_rush,false,goalie_in_net,shot-on-goal,18,7,"{""previous_team_shot_play_by_play_id"":1175221,""previous_team_shot_seconds_delta"":7,""rush_reason"":""not_rush"",""source"":""shot_attempt_facts_v1""}",2026-07-27 15:06:58,2026-07-27 17:12:07,false,false,
647,1175223,1175222,2025021232,568,20252026,2026-04-06,shot_attempt_facts_v1,missed-shot,missed_shot,true,true,false,false,18,26,8474600,8476341,,2,REG,p2,1707,,middle_period,1551,EV,ev,1,1,0,tied,-42,-38,60.44,141.044,141.044,d_060_plus,a_090_plus,O,offensive,slap,slap,true,3,rebound,false,not_rush,false,goalie_in_net,missed-shot,18,2,"{""previous_team_shot_play_by_play_id"":1175222,""previous_team_shot_seconds_delta"":2,""rush_reason"":""not_rush"",""source"":""shot_attempt_facts_v1""}",2026-07-27 15:06:58,2026-07-27 17:12:07,false,false,
648,1175227,1175226,2025021232,579,20252026,2026-04-06,shot_attempt_facts_v1,blocked-shot,blocked_shot,true,false,false,false,26,18,8482155,,8479370,2,REG,p2,1774,,middle_period,1551,EV,ev,1,1,0,tied,77,9,15.00,-36.870,36.870,d_015_020,a_030_040,D,defensive,,unknown,false,3,not_rebound,false,not_rush,false,goalie_in_net,giveaway,18,19,"{""previous_team_shot_play_by_play_id"":1175220,""previous_team_shot_seconds_delta"":86,""rush_reason"":""not_rush"",""source"":""shot_attempt_facts_v1""}",2026-07-27 15:06:58,2026-07-27 17:12:07,false,false,
649,1175229,1175228,2025021232,588,20252026,2026-04-06,shot_attempt_facts_v1,blocked-shot,blocked_shot,true,false,false,false,26,18,8479998,,8482111,2,REG,p2,1827,,middle_period,1551,EV,ev,1,1,0,tied,84,8,9.43,-57.995,57.995,d_005_010,a_050_060,D,defensive,,unknown,false,3,not_rebound,false,not_rush,false,goalie_in_net,takeaway,26,23,"{""previous_team_shot_play_by_play_id"":1175227,""previous_team_shot_seconds_delta"":53,""rush_reason"":""not_rush"",""source"":""shot_attempt_facts_v1""}",2026-07-27 15:06:58,2026-07-27 17:12:07,false,false,
650,1175234,1175233,2025021232,599,20252026,2026-04-06,shot_attempt_facts_v1,blocked-shot,blocked_shot,true,false,false,false,18,26,8475287,,8482730,2,REG,p2,1888,,middle_period,1551,EV,ev,1,1,0,tied,-66,-26,34.71,131.496,131.496,d_030_035,a_090_plus,D,defensive,,unknown,false,3,not_rebound,false,not_rush,false,goalie_in_net,faceoff,26,30,"{""previous_team_shot_play_by_play_id"":1175223,""previous_team_shot_seconds_delta"":181,""rush_reason"":""not_rush"",""source"":""shot_attempt_facts_v1""}",2026-07-27 15:06:58,2026-07-27 17:12:07,false,false,
651,1175235,1175234,2025021232,655,20252026,2026-04-06,shot_attempt_facts_v1,shot-on-goal,saved_shot,true,true,true,false,26,18,8471685,8477424,,2,REG,p2,1899,,middle_period,1551,EV,ev,1,1,0,tied,72,2,17.12,-6.710,6.710,d_015_020,a_000_010,O,offensive,tip-in,tip,false,3,not_rebound,false,not_rush,false,goalie_in_net,blocked-shot,18,11,"{""previous_team_shot_play_by_play_id"":1175229,""previous_team_shot_seconds_delta"":72,""rush_reason"":""not_rush"",""source"":""shot_attempt_facts_v1""}",2026-07-27 15:06:58,2026-07-27 17:12:07,false,false,
652,1175236,1175235,2025021232,656,20252026,2026-04-06,shot_attempt_facts_v1,blocked-shot,blocked_shot,true,false,false,false,26,18,8478550,,8482111,2,REG,p2,1904,,middle_period,1551,EV,ev,1,1,0,tied,81,7,10.63,-41.186,41.186,d_010_015,a_040_050,D,defensive,,unknown,false,3,not_rebound,false,not_rush,false,goalie_in_net,shot-on-goal,26,5,"{""previous_team_shot_play_by_play_id"":1175235,""previous_team_shot_seconds_delta"":5,""rush_reason"":""not_rush"",""source"":""shot_attempt_facts_v1""}",2026-07-27 15:06:58,2026-07-27 17:12:07,false,false,
653,1175237,1175236,2025021232,658,20252026,2026-04-06,shot_attempt_facts_v1,shot-on-goal,saved_shot,true,true,true,false,26,18,8479998,8477424,,2,REG,p2,1912,,middle_period,1551,EV,ev,1,1,0,tied,31,3,58.08,-2.961,2.961,d_055_060,a_000_010,O,offensive,wrist,wrist,false,3,not_rebound,true,rush_attempt,false,goalie_in_net,blocked-shot,26,8,"{""previous_team_shot_play_by_play_id"":1175236,""previous_team_shot_seconds_delta"":8,""rush_reason"":""direct_transition"",""source"":""shot_attempt_facts_v1""}",2026-07-27 15:06:58,2026-07-27 17:12:07,true,true,1175237
654,1175240,1175239,2025021232,663,20252026,2026-04-06,shot_attempt_facts_v1,blocked-shot,blocked_shot,true,false,false,false,26,18,8479998,,8475158,2,REG,p2,1926,,middle_period,1551,EV,ev,1,1,0,tied,66,-1,23.02,2.490,2.490,d_020_025,a_000_010,D,defensive,,unknown,false,3,not_rebound,false,not_rush,false,goalie_in_net,faceoff,18,11,"{""previous_team_shot_play_by_play_id"":1175237,""previous_team_shot_seconds_delta"":14,""rush_reason"":""not_rush"",""source"":""shot_attempt_facts_v1""}",2026-07-27 15:06:58,2026-07-27 17:12:07,false,false,
655,1175243,1175242,2025021232,668,20252026,2026-04-06,shot_attempt_facts_v1,shot-on-goal,saved_shot,true,true,true,false,26,18,8482124,8477424,,2,REG,p2,1966,,middle_period,1551,EV,ev,1,1,0,tied,0,20,91.22,-12.665,12.665,d_060_plus,a_010_020,N,neutral,wrist,wrist,false,3,not_rebound,false,not_rush,false,goalie_in_net,takeaway,26,6,"{""previous_team_shot_play_by_play_id"":1175240,""previous_team_shot_seconds_delta"":40,""rush_reason"":""not_rush"",""source"":""shot_attempt_facts_v1""}",2026-07-27 15:06:58,2026-07-27 17:12:07,false,false,
656,1175247,1175246,2025021232,681,20252026,2026-04-06,shot_attempt_facts_v1,shot-on-goal,saved_shot,true,true,true,false,26,18,8482726,8477424,,2,REG,p2,2018,,late_period,1551,EV,ev,1,1,0,tied,77,30,32.31,-68.199,68.199,d_030_035,a_060_070,O,offensive,slap,slap,false,3,not_rebound,false,not_rush,false,goalie_in_net,hit,18,31,"{""previous_team_shot_play_by_play_id"":1175243,""previous_team_shot_seconds_delta"":52,""rush_reason"":""not_rush"",""source"":""shot_attempt_facts_v1""}",2026-07-27 15:06:58,2026-07-27 17:12:07,false,false,
657,1175248,1175247,2025021232,688,20252026,2026-04-06,shot_attempt_facts_v1,goal,goal,true,true,true,true,26,18,8476872,8477424,,2,REG,p2,2037,,late_period,1551,EV,ev,1,1,0,tied,83,-5,7.81,39.806,39.806,d_005_010,a_030_040,O,offensive,wrist,wrist,false,3,not_rebound,false,not_rush,false,goalie_in_net,shot-on-goal,26,19,"{""previous_team_shot_play_by_play_id"":1175247,""previous_team_shot_seconds_delta"":19,""rush_reason"":""not_rush"",""source"":""shot_attempt_facts_v1""}",2026-07-27 15:06:58,2026-07-27 17:12:07,false,false,
658,1175250,1175249,2025021232,693,20252026,2026-04-06,shot_attempt_facts_v1,shot-on-goal,saved_shot,true,true,true,false,26,18,8483756,8477424,,2,REG,p2,2054,,late_period,1551,EV,ev,2,1,1,leading_by_1,72,17,24.04,-45.000,45.000,d_020_025,a_040_050,O,offensive,tip-in,tip,false,3,not_rebound,false,not_rush,false,goalie_in_net,faceoff,26,17,"{""previous_team_shot_play_by_play_id"":1175248,""previous_team_shot_seconds_delta"":17,""rush_reason"":""not_rush"",""source"":""shot_attempt_facts_v1""}",2026-07-27 15:06:58,2026-07-27 17:12:07,false,false,
659,1175254,1175253,2025021232,355,20252026,2026-04-06,shot_attempt_facts_v1,missed-shot,missed_shot,true,true,false,false,18,26,8474564,8476341,,2,REG,p2,2083,,late_period,1551,EV,ev,2,1,-1,trailing_by_1,-65,-23,33.24,136.219,136.219,d_030_035,a_090_plus,O,offensive,wrist,wrist,false,3,not_rebound,false,not_rush,false,goalie_in_net,hit,18,10,"{""previous_team_shot_play_by_play_id"":1175234,""previous_team_shot_seconds_delta"":195,""rush_reason"":""not_rush"",""source"":""shot_attempt_facts_v1""}",2026-07-27 15:06:58,2026-07-27 17:12:07,false,false,
660,1175255,1175254,2025021232,699,20252026,2026-04-06,shot_attempt_facts_v1,shot-on-goal,saved_shot,true,true,true,false,26,18,8474563,8477424,,2,REG,p2,2100,,late_period,1551,EV,ev,2,1,1,leading_by_1,45,-30,53.25,34.287,34.287,d_050_055,a_030_040,O,offensive,slap,slap,false,3,not_rebound,false,not_rush,false,goalie_in_net,missed-shot,18,17,"{""previous_team_shot_play_by_play_id"":1175250,""previous_team_shot_seconds_delta"":46,""rush_reason"":""not_rush"",""source"":""shot_attempt_facts_v1""}",2026-07-27 15:06:58,2026-07-27 17:12:07,false,false,
661,1175259,1175258,2025021232,706,20252026,2026-04-06,shot_attempt_facts_v1,shot-on-goal,saved_shot,true,true,true,false,18,26,8476539,8476341,,2,REG,p2,2131,,late_period,1551,EV,ev,2,1,-1,trailing_by_1,-75,-4,14.56,164.055,164.055,d_010_015,a_090_plus,O,offensive,tip-in,tip,false,3,not_rebound,true,rush_attempt,false,goalie_in_net,giveaway,26,4,"{""previous_team_shot_play_by_play_id"":1175254,""previous_team_shot_seconds_delta"":48,""rush_reason"":""direct_transition"",""source"":""shot_attempt_facts_v1""}",2026-07-27 15:06:58,2026-07-27 17:12:07,true,true,1175259
662,1175264,1175263,2025021232,356,20252026,2026-04-06,shot_attempt_facts_v1,missed-shot,missed_shot,true,true,false,false,26,18,8482408,8477424,,2,REG,p2,2169,,late_period,1551,EV,ev,2,1,1,leading_by_1,75,-13,19.10,42.879,42.879,d_015_020,a_040_050,O,offensive,wrist,wrist,false,3,not_rebound,false,not_rush,false,goalie_in_net,hit,26,22,"{""previous_team_shot_play_by_play_id"":1175255,""previous_team_shot_seconds_delta"":69,""rush_reason"":""not_rush"",""source"":""shot_attempt_facts_v1""}",2026-07-27 15:06:58,2026-07-27 17:12:07,false,false,
663,1175265,1175264,2025021232,714,20252026,2026-04-06,shot_attempt_facts_v1,shot-on-goal,saved_shot,true,true,true,false,18,26,8480246,8476341,,2,REG,p2,2176,,late_period,1551,EV,ev,2,1,-1,trailing_by_1,-59,-10,31.62,161.565,161.565,d_030_035,a_090_plus,O,offensive,wrist,wrist,false,3,not_rebound,false,not_rush,false,goalie_in_net,missed-shot,26,7,"{""previous_team_shot_play_by_play_id"":1175259,""previous_team_shot_seconds_delta"":45,""rush_reason"":""not_rush"",""source"":""shot_attempt_facts_v1""}",2026-07-27 15:06:58,2026-07-27 17:12:07,false,false,
664,1175268,1175267,2025021232,723,20252026,2026-04-06,shot_attempt_facts_v1,shot-on-goal,saved_shot,true,true,true,false,18,26,8476869,8476341,,2,REG,p2,2180,,late_period,1551,EV,ev,2,1,-1,trailing_by_1,-38,-33,60.75,147.095,147.095,d_060_plus,a_090_plus,O,offensive,wrist,wrist,false,3,not_rebound,false,not_rush,false,goalie_in_net,faceoff,18,1,"{""previous_team_shot_play_by_play_id"":1175265,""previous_team_shot_seconds_delta"":4,""rush_reason"":""not_rush"",""source"":""shot_attempt_facts_v1""}",2026-07-27 15:06:58,2026-07-27 17:12:07,false,false,
665,1175269,1175268,2025021232,724,20252026,2026-04-06,shot_attempt_facts_v1,shot-on-goal,saved_shot,true,true,true,false,18,26,8476869,8476341,,2,REG,p2,2185,,late_period,1551,EV,ev,2,1,-1,trailing_by_1,-31,-24,62.77,157.521,157.521,d_060_plus,a_090_plus,O,offensive,slap,slap,false,3,not_rebound,false,not_rush,false,goalie_in_net,shot-on-goal,18,5,"{""previous_team_shot_play_by_play_id"":1175268,""previous_team_shot_seconds_delta"":5,""rush_reason"":""not_rush"",""source"":""shot_attempt_facts_v1""}",2026-07-27 15:06:58,2026-07-27 17:12:07,false,false,
666,1175270,1175269,2025021232,725,20252026,2026-04-06,shot_attempt_facts_v1,shot-on-goal,saved_shot,true,true,true,false,18,26,8476887,8476341,,2,REG,p2,2186,,late_period,1551,EV,ev,2,1,-1,trailing_by_1,-78,3,11.40,-164.745,164.745,d_010_015,a_090_plus,O,offensive,wrist,wrist,true,3,rebound,false,not_rush,false,goalie_in_net,shot-on-goal,18,1,"{""previous_team_shot_play_by_play_id"":1175269,""previous_team_shot_seconds_delta"":1,""rush_reason"":""not_rush"",""source"":""shot_attempt_facts_v1""}",2026-07-27 15:06:58,2026-07-27 17:12:07,false,false,
667,1175273,1175272,2025021232,729,20252026,2026-04-06,shot_attempt_facts_v1,blocked-shot,blocked_shot,true,false,false,false,18,26,8484241,,8474563,2,REG,p2,2190,,late_period,1551,EV,ev,2,1,-1,trailing_by_1,-75,12,18.44,-139.399,139.399,d_015_020,a_090_plus,D,defensive,,unknown,false,3,not_rebound,false,not_rush,false,goalie_in_net,faceoff,26,2,"{""previous_team_shot_play_by_play_id"":1175270,""previous_team_shot_seconds_delta"":4,""rush_reason"":""not_rush"",""source"":""shot_attempt_facts_v1""}",2026-07-27 15:06:58,2026-07-27 17:12:07,false,false,
668,1175274,1175273,2025021232,731,20252026,2026-04-06,shot_attempt_facts_v1,blocked-shot,blocked_shot,true,false,false,false,18,26,8484241,,8474563,2,REG,p2,2212,,late_period,1551,EV,ev,2,1,-1,trailing_by_1,-62,-14,30.41,152.592,152.592,d_030_035,a_090_plus,D,defensive,,unknown,false,3,not_rebound,false,not_rush,false,goalie_in_net,blocked-shot,18,22,"{""previous_team_shot_play_by_play_id"":1175273,""previous_team_shot_seconds_delta"":22,""rush_reason"":""not_rush"",""source"":""shot_attempt_facts_v1""}",2026-07-27 15:06:58,2026-07-27 17:12:07,false,false,
669,1175275,1175274,2025021232,732,20252026,2026-04-06,shot_attempt_facts_v1,shot-on-goal,saved_shot,true,true,true,false,18,26,8476887,8476341,,2,REG,p2,2217,,late_period,1551,EV,ev,2,1,-1,trailing_by_1,-79,19,21.47,-117.759,117.759,d_020_025,a_090_plus,O,offensive,wrist,wrist,false,3,not_rebound,true,rush_attempt,false,goalie_in_net,blocked-shot,18,5,"{""previous_team_shot_play_by_play_id"":1175274,""previous_team_shot_seconds_delta"":5,""rush_reason"":""direct_transition"",""source"":""shot_attempt_facts_v1""}",2026-07-27 15:06:58,2026-07-27 17:12:07,true,true,1175275
670,1175280,1175279,2025021232,357,20252026,2026-04-06,shot_attempt_facts_v1,missed-shot,missed_shot,true,true,false,false,18,26,8475158,8476341,,2,REG,p2,2260,,late_period,1551,EV,ev,2,1,-1,trailing_by_1,-84,6,7.81,-129.806,129.806,d_005_010,a_090_plus,O,offensive,wrist,wrist,false,3,not_rebound,false,not_rush,false,goalie_in_net,faceoff,26,34,"{""previous_team_shot_play_by_play_id"":1175275,""previous_team_shot_seconds_delta"":43,""rush_reason"":""not_rush"",""source"":""shot_attempt_facts_v1""}",2026-07-27 15:06:58,2026-07-27 17:12:07,false,false,
671,1175281,1175280,2025021232,750,20252026,2026-04-06,shot_attempt_facts_v1,shot-on-goal,saved_shot,true,true,true,false,18,26,8479370,8476341,,2,REG,p2,2300,,late_period,1551,EV,ev,2,1,-1,trailing_by_1,-57,-4,32.25,172.875,172.875,d_030_035,a_090_plus,O,offensive,wrist,wrist,false,3,not_rebound,false,not_rush,false,goalie_in_net,missed-shot,18,40,"{""previous_team_shot_play_by_play_id"":1175280,""previous_team_shot_seconds_delta"":40,""rush_reason"":""not_rush"",""source"":""shot_attempt_facts_v1""}",2026-07-27 15:06:58,2026-07-27 17:12:07,false,false,
672,1175282,1175281,2025021232,358,20252026,2026-04-06,shot_attempt_facts_v1,blocked-shot,blocked_shot,true,false,false,false,18,26,8482742,,8482124,2,REG,p2,2315,,late_period,1551,EV,ev,2,1,-1,trailing_by_1,-69,7,21.19,-160.710,160.710,d_020_025,a_090_plus,D,defensive,,unknown,false,3,not_rebound,false,not_rush,false,goalie_in_net,shot-on-goal,18,15,"{""previous_team_shot_play_by_play_id"":1175281,""previous_team_shot_seconds_delta"":15,""rush_reason"":""not_rush"",""source"":""shot_attempt_facts_v1""}",2026-07-27 15:06:58,2026-07-27 17:12:07,false,false,
673,1175283,1175282,2025021232,752,20252026,2026-04-06,shot_attempt_facts_v1,shot-on-goal,saved_shot,true,true,true,false,18,26,8482111,8476341,,2,REG,p2,2319,,late_period,1551,EV,ev,2,1,-1,trailing_by_1,-76,0,13.00,180.000,180.000,d_010_015,a_090_plus,O,offensive,wrist,wrist,false,3,not_rebound,true,rush_attempt,false,goalie_in_net,blocked-shot,18,4,"{""previous_team_shot_play_by_play_id"":1175282,""previous_team_shot_seconds_delta"":4,""rush_reason"":""direct_transition"",""source"":""shot_attempt_facts_v1""}",2026-07-27 15:06:58,2026-07-27 17:12:07,true,true,1175283
674,1175284,1175283,2025021232,359,20252026,2026-04-06,shot_attempt_facts_v1,shot-on-goal,saved_shot,true,true,true,false,18,26,8482742,8476341,,2,REG,p2,2322,,late_period,1551,EV,ev,2,1,-1,trailing_by_1,-79,1,10.05,-174.289,174.289,d_010_015,a_090_plus,O,offensive,wrist,wrist,true,3,rebound,true,rush_rebound,false,goalie_in_net,shot-on-goal,18,3,"{""previous_team_shot_play_by_play_id"":1175283,""previous_team_shot_seconds_delta"":3,""rush_reason"":""rebound_from_rush_attempt"",""source"":""shot_attempt_facts_v1""}",2026-07-27 15:06:58,2026-07-27 17:12:07,false,true,1175283
675,1175289,1175288,2025021232,808,20252026,2026-04-06,shot_attempt_facts_v1,blocked-shot,blocked_shot,true,false,false,false,18,26,8482111,,8476872,2,REG,p2,2357,,late_period,1551,EV,ev,2,1,-1,trailing_by_1,-69,3,20.22,-171.469,171.469,d_020_025,a_090_plus,D,defensive,,unknown,false,3,not_rebound,false,not_rush,false,goalie_in_net,faceoff,26,26,"{""previous_team_shot_play_by_play_id"":1175284,""previous_team_shot_seconds_delta"":35,""rush_reason"":""not_rush"",""source"":""shot_attempt_facts_v1""}",2026-07-27 15:06:58,2026-07-27 17:12:07,false,false,
676,1175295,1175294,2025021232,826,20252026,2026-04-06,shot_attempt_facts_v1,blocked-shot,blocked_shot,true,false,false,false,26,18,8479675,,8482111,3,REG,p3,2440,,early_period,1551,EV,ev,2,1,1,leading_by_1,-62,18,32.45,-146.310,146.310,d_030_035,a_090_plus,D,defensive,,unknown,false,3,not_rebound,false,not_rush,false,goalie_in_net,faceoff,26,33,"{""previous_team_shot_play_by_play_id"":1175264,""previous_team_shot_seconds_delta"":271,""rush_reason"":""not_rush"",""source"":""shot_attempt_facts_v1""}",2026-07-27 15:06:58,2026-07-27 17:12:07,false,false,
677,1175308,1175307,2025021232,887,20252026,2026-04-06,shot_attempt_facts_v1,missed-shot,missed_shot,true,true,false,false,18,26,8476887,8476341,,3,REG,p3,2655,,early_period,1551,EV,ev,2,1,-1,trailing_by_1,57,-10,33.53,17.354,17.354,d_030_035,a_010_020,O,offensive,slap,slap,false,3,not_rebound,false,not_rush,false,goalie_in_net,giveaway,18,24,"{""previous_team_shot_play_by_play_id"":1175289,""previous_team_shot_seconds_delta"":298,""rush_reason"":""not_rush"",""source"":""shot_attempt_facts_v1""}",2026-07-27 15:06:58,2026-07-27 17:12:07,false,false,
678,1175309,1175308,2025021232,888,20252026,2026-04-06,shot_attempt_facts_v1,goal,goal,true,true,true,true,18,26,8474600,8476341,,3,REG,p3,2658,,early_period,1551,EV,ev,2,1,-1,trailing_by_1,63,25,36.07,-43.877,43.877,d_035_040,a_040_050,O,offensive,slap,slap,true,3,rebound,false,not_rush,false,goalie_in_net,missed-shot,18,3,"{""previous_team_shot_play_by_play_id"":1175308,""previous_team_shot_seconds_delta"":3,""rush_reason"":""not_rush"",""source"":""shot_attempt_facts_v1""}",2026-07-27 15:06:58,2026-07-27 17:12:07,false,false,
679,1175314,1175313,2025021232,904,20252026,2026-04-06,shot_attempt_facts_v1,missed-shot,missed_shot,true,true,false,false,18,26,8484241,8476341,,3,REG,p3,2736,,early_period,1551,EV,ev,2,2,0,tied,64,-15,29.15,30.964,30.964,d_025_030,a_030_040,O,offensive,wrist,wrist,false,3,not_rebound,true,rush_attempt,false,goalie_in_net,giveaway,26,4,"{""previous_team_shot_play_by_play_id"":1175309,""previous_team_shot_seconds_delta"":78,""rush_reason"":""direct_transition"",""source"":""shot_attempt_facts_v1""}",2026-07-27 15:06:58,2026-07-27 17:12:07,true,true,1175314
680,1175315,1175314,2025021232,905,20252026,2026-04-06,shot_attempt_facts_v1,blocked-shot,blocked_shot,true,false,false,false,18,26,8479370,,8482730,3,REG,p3,2738,,early_period,1551,EV,ev,2,2,0,tied,79,10,14.14,-45.000,45.000,d_010_015,a_040_050,D,defensive,,unknown,true,3,rebound,true,rush_rebound,false,goalie_in_net,missed-shot,18,2,"{""previous_team_shot_play_by_play_id"":1175314,""previous_team_shot_seconds_delta"":2,""rush_reason"":""rebound_from_rush_attempt"",""source"":""shot_attempt_facts_v1""}",2026-07-27 15:06:58,2026-07-27 17:12:07,false,true,1175314
681,1175317,1175316,2025021232,917,20252026,2026-04-06,shot_attempt_facts_v1,missed-shot,missed_shot,true,true,false,false,26,18,8482408,8477424,,3,REG,p3,2780,,early_period,1551,EV,ev,2,2,0,tied,-80,-5,10.30,150.945,150.945,d_010_015,a_090_plus,O,offensive,tip-in,tip,false,3,not_rebound,false,not_rush,false,goalie_in_net,hit,18,26,"{""previous_team_shot_play_by_play_id"":1175295,""previous_team_shot_seconds_delta"":340,""rush_reason"":""not_rush"",""source"":""shot_attempt_facts_v1""}",2026-07-27 15:06:58,2026-07-27 17:12:07,false,false,
682,1175321,1175320,2025021232,925,20252026,2026-04-06,shot_attempt_facts_v1,shot-on-goal,saved_shot,true,true,true,false,26,18,8482155,8477424,,3,REG,p3,2824,,middle_period,1551,EV,ev,2,2,0,tied,-52,17,40.72,-155.323,155.323,d_040_045,a_090_plus,O,offensive,wrist,wrist,false,3,not_rebound,false,not_rush,false,goalie_in_net,takeaway,18,26,"{""previous_team_shot_play_by_play_id"":1175317,""previous_team_shot_seconds_delta"":44,""rush_reason"":""not_rush"",""source"":""shot_attempt_facts_v1""}",2026-07-27 15:06:58,2026-07-27 17:12:07,false,false,
683,1175324,1175323,2025021232,947,20252026,2026-04-06,shot_attempt_facts_v1,missed-shot,missed_shot,true,true,false,false,18,26,8476539,8476341,,3,REG,p3,2890,,middle_period,1551,EV,ev,2,2,0,tied,40,-27,55.95,28.856,28.856,d_055_060,a_020_030,O,offensive,wrist,wrist,false,3,not_rebound,false,not_rush,false,goalie_in_net,faceoff,18,63,"{""previous_team_shot_play_by_play_id"":1175315,""previous_team_shot_seconds_delta"":152,""rush_reason"":""not_rush"",""source"":""shot_attempt_facts_v1""}",2026-07-27 15:06:58,2026-07-27 17:12:07,false,false,
684,1175325,1175324,2025021232,948,20252026,2026-04-06,shot_attempt_facts_v1,blocked-shot,blocked_shot,true,false,false,false,18,26,8476887,,8482730,3,REG,p3,2896,,middle_period,1551,EV,ev,2,2,0,tied,76,-14,19.10,47.121,47.121,d_015_020,a_040_050,D,defensive,,unknown,false,3,not_rebound,false,not_rush,false,goalie_in_net,missed-shot,18,6,"{""previous_team_shot_play_by_play_id"":1175324,""previous_team_shot_seconds_delta"":6,""rush_reason"":""not_rush"",""source"":""shot_attempt_facts_v1""}",2026-07-27 15:06:58,2026-07-27 17:12:07,false,false,
685,1175329,1175328,2025021232,969,20252026,2026-04-06,shot_attempt_facts_v1,missed-shot,missed_shot,true,true,false,false,26,18,8482726,8477424,,3,REG,p3,3005,,middle_period,1551,EV,ev,2,2,0,tied,-63,-13,29.07,153.435,153.435,d_025_030,a_090_plus,O,offensive,wrist,wrist,false,3,not_rebound,true,rush_attempt,false,goalie_in_net,hit,18,4,"{""previous_team_shot_play_by_play_id"":1175321,""previous_team_shot_seconds_delta"":181,""rush_reason"":""direct_transition"",""source"":""shot_attempt_facts_v1""}",2026-07-27 15:06:58,2026-07-27 17:12:07,true,true,1175329
686,1175330,1175329,2025021232,979,20252026,2026-04-06,shot_attempt_facts_v1,blocked-shot,blocked_shot,true,false,false,false,18,26,8482742,,8482730,3,REG,p3,3038,,middle_period,1551,EV,ev,2,2,0,tied,60,18,34.13,-31.827,31.827,d_030_035,a_030_040,D,defensive,,unknown,false,3,not_rebound,false,not_rush,false,goalie_in_net,missed-shot,26,33,"{""previous_team_shot_play_by_play_id"":1175325,""previous_team_shot_seconds_delta"":142,""rush_reason"":""not_rush"",""source"":""shot_attempt_facts_v1""}",2026-07-27 15:06:58,2026-07-27 17:12:07,false,false,
687,1175331,1175330,2025021232,980,20252026,2026-04-06,shot_attempt_facts_v1,missed-shot,missed_shot,true,true,false,false,18,26,8474600,8476341,,3,REG,p3,3044,,middle_period,1551,EV,ev,2,2,0,tied,57,-11,33.84,18.970,18.970,d_030_035,a_010_020,O,offensive,wrist,wrist,false,3,not_rebound,true,rush_attempt,false,goalie_in_net,blocked-shot,18,6,"{""previous_team_shot_play_by_play_id"":1175330,""previous_team_shot_seconds_delta"":6,""rush_reason"":""direct_transition"",""source"":""shot_attempt_facts_v1""}",2026-07-27 15:06:58,2026-07-27 17:12:07,true,true,1175331
688,1175332,1175331,2025021232,983,20252026,2026-04-06,shot_attempt_facts_v1,blocked-shot,blocked_shot,true,false,false,false,26,18,8479998,,8482742,3,REG,p3,3063,,middle_period,1551,EV,ev,2,2,0,tied,-43,-13,47.80,164.219,164.219,d_045_050,a_090_plus,D,defensive,,unknown,false,3,not_rebound,false,not_rush,false,goalie_in_net,missed-shot,18,19,"{""previous_team_shot_play_by_play_id"":1175329,""previous_team_shot_seconds_delta"":58,""rush_reason"":""not_rush"",""source"":""shot_attempt_facts_v1""}",2026-07-27 15:06:58,2026-07-27 17:12:07,false,false,
689,1175335,1175334,2025021232,995,20252026,2026-04-06,shot_attempt_facts_v1,blocked-shot,blocked_shot,true,false,false,false,26,18,8482730,,8476887,3,REG,p3,3138,,middle_period,1551,EV,ev,2,2,0,tied,-46,31,53.01,-144.211,144.211,d_050_055,a_090_plus,D,defensive,,unknown,false,3,not_rebound,false,not_rush,false,goalie_in_net,faceoff,26,24,"{""previous_team_shot_play_by_play_id"":1175332,""previous_team_shot_seconds_delta"":75,""rush_reason"":""not_rush"",""source"":""shot_attempt_facts_v1""}",2026-07-27 15:06:58,2026-07-27 17:12:07,false,false,
690,1175336,1175335,2025021232,996,20252026,2026-04-06,shot_attempt_facts_v1,shot-on-goal,saved_shot,true,true,true,false,26,18,8476441,8477424,,3,REG,p3,3144,,middle_period,1551,EV,ev,2,2,0,tied,-52,-31,48.27,140.042,140.042,d_045_050,a_090_plus,O,offensive,wrist,wrist,false,3,not_rebound,true,rush_attempt,false,goalie_in_net,blocked-shot,26,6,"{""previous_team_shot_play_by_play_id"":1175335,""previous_team_shot_seconds_delta"":6,""rush_reason"":""direct_transition"",""source"":""shot_attempt_facts_v1""}",2026-07-27 15:06:58,2026-07-27 17:12:07,true,true,1175336
691,1175339,1175338,2025021232,1000,20252026,2026-04-06,shot_attempt_facts_v1,missed-shot,missed_shot,true,true,false,false,18,26,8475158,8476341,,3,REG,p3,3157,,middle_period,1551,EV,ev,2,2,0,tied,77,28,30.46,-66.801,66.801,d_030_035,a_060_070,O,offensive,wrist,wrist,false,3,not_rebound,false,not_rush,false,goalie_in_net,faceoff,26,11,"{""previous_team_shot_play_by_play_id"":1175331,""previous_team_shot_seconds_delta"":113,""rush_reason"":""not_rush"",""source"":""shot_attempt_facts_v1""}",2026-07-27 15:06:58,2026-07-27 17:12:07,false,false,
692,1175342,1175341,2025021232,1008,20252026,2026-04-06,shot_attempt_facts_v1,blocked-shot,blocked_shot,true,false,false,false,26,18,8476872,,8475287,3,REG,p3,3190,,middle_period,1551,EV,ev,2,2,0,tied,-61,24,36.88,-139.399,139.399,d_035_040,a_090_plus,D,defensive,,unknown,false,3,not_rebound,false,not_rush,false,goalie_in_net,faceoff,26,3,"{""previous_team_shot_play_by_play_id"":1175336,""previous_team_shot_seconds_delta"":46,""rush_reason"":""not_rush"",""source"":""shot_attempt_facts_v1""}",2026-07-27 15:06:58,2026-07-27 17:12:07,false,false,
693,1175351,1175350,2025021232,1030,20252026,2026-04-06,shot_attempt_facts_v1,shot-on-goal,saved_shot,true,true,true,false,18,26,8476887,8476341,,3,REG,p3,3343,,final_5,1551,EV,ev,2,2,0,tied,38,-40,64.82,38.108,38.108,d_060_plus,a_030_040,O,offensive,wrist,wrist,false,3,not_rebound,true,rush_attempt,false,goalie_in_net,giveaway,18,7,"{""previous_team_shot_play_by_play_id"":1175339,""previous_team_shot_seconds_delta"":186,""rush_reason"":""direct_transition"",""source"":""shot_attempt_facts_v1""}",2026-07-27 15:06:58,2026-07-27 17:12:07,true,true,1175351
694,1175354,1175353,2025021232,1038,20252026,2026-04-06,shot_attempt_facts_v1,shot-on-goal,saved_shot,true,true,true,false,18,26,8482715,8476341,,3,REG,p3,3348,,final_5,1551,EV,ev,2,2,0,tied,55,-40,52.50,49.635,49.635,d_050_055,a_040_050,O,offensive,wrist,wrist,false,3,not_rebound,false,not_rush,false,goalie_in_net,faceoff,18,2,"{""previous_team_shot_play_by_play_id"":1175351,""previous_team_shot_seconds_delta"":5,""rush_reason"":""not_rush"",""source"":""shot_attempt_facts_v1""}",2026-07-27 15:06:58,2026-07-27 17:12:07,false,false,
695,1175357,1175356,2025021232,360,20252026,2026-04-06,shot_attempt_facts_v1,blocked-shot,blocked_shot,true,false,false,false,18,26,8484241,,8479998,3,REG,p3,3360,,final_5,1551,EV,ev,2,2,0,tied,56,-21,39.12,32.471,32.471,d_035_040,a_030_040,D,defensive,,unknown,false,3,not_rebound,false,not_rush,false,goalie_in_net,faceoff,26,10,"{""previous_team_shot_play_by_play_id"":1175354,""previous_team_shot_seconds_delta"":12,""rush_reason"":""not_rush"",""source"":""shot_attempt_facts_v1""}",2026-07-27 15:06:58,2026-07-27 17:12:07,false,false,
696,1175359,1175358,2025021232,1049,20252026,2026-04-06,shot_attempt_facts_v1,missed-shot,missed_shot,true,true,false,false,26,18,8483756,8477424,,3,REG,p3,3414,,final_5,1551,EV,ev,2,2,0,tied,-73,0,16.00,180.000,180.000,d_015_020,a_090_plus,O,offensive,tip-in,tip,false,3,not_rebound,false,not_rush,false,goalie_in_net,hit,18,34,"{""previous_team_shot_play_by_play_id"":1175342,""previous_team_shot_seconds_delta"":224,""rush_reason"":""not_rush"",""source"":""shot_attempt_facts_v1""}",2026-07-27 15:06:58,2026-07-27 17:12:07,false,false,
697,1175361,1175360,2025021232,1053,20252026,2026-04-06,shot_attempt_facts_v1,blocked-shot,blocked_shot,true,false,false,false,18,26,8479370,,8482730,3,REG,p3,3432,,final_5,1551,EV,ev,2,2,0,tied,79,-7,12.21,34.992,34.992,d_010_015,a_030_040,D,defensive,,unknown,false,3,not_rebound,false,not_rush,false,goalie_in_net,giveaway,26,1,"{""previous_team_shot_play_by_play_id"":1175357,""previous_team_shot_seconds_delta"":72,""rush_reason"":""not_rush"",""source"":""shot_attempt_facts_v1""}",2026-07-27 15:06:58,2026-07-27 17:12:07,false,false,
698,1175362,1175361,2025021232,361,20252026,2026-04-06,shot_attempt_facts_v1,shot-on-goal,saved_shot,true,true,true,false,18,26,8479370,8476341,,3,REG,p3,3433,,final_5,1551,EV,ev,2,2,0,tied,68,-12,24.19,29.745,29.745,d_020_025,a_020_030,O,offensive,wrist,wrist,true,3,rebound,true,rush_attempt,false,goalie_in_net,blocked-shot,18,1,"{""previous_team_shot_play_by_play_id"":1175361,""previous_team_shot_seconds_delta"":1,""rush_reason"":""direct_transition"",""source"":""shot_attempt_facts_v1""}",2026-07-27 15:06:58,2026-07-27 17:12:07,true,true,1175362
699,1175367,1175366,2025021232,1070,20252026,2026-04-06,shot_attempt_facts_v1,shot-on-goal,saved_shot,true,true,true,false,18,26,8482482,8476341,,3,REG,p3,3492,,final_5,1551,EV,ev,2,2,0,tied,48,3,41.11,-4.185,4.185,d_040_045,a_000_010,O,offensive,wrist,wrist,false,3,not_rebound,false,not_rush,false,goalie_in_net,takeaway,18,10,"{""previous_team_shot_play_by_play_id"":1175362,""previous_team_shot_seconds_delta"":59,""rush_reason"":""not_rush"",""source"":""shot_attempt_facts_v1""}",2026-07-27 15:06:58,2026-07-27 17:12:07,false,false,
700,1175369,1175368,2025021232,1086,20252026,2026-04-06,shot_attempt_facts_v1,shot-on-goal,saved_shot,true,true,true,false,26,18,8482155,8477424,,3,REG,p3,3559,,final_5,1551,EV,ev,2,2,0,tied,-71,4,18.44,-167.471,167.471,d_015_020,a_090_plus,O,offensive,wrist,wrist,false,3,not_rebound,false,not_rush,false,goalie_in_net,hit,18,38,"{""previous_team_shot_play_by_play_id"":1175359,""previous_team_shot_seconds_delta"":145,""rush_reason"":""not_rush"",""source"":""shot_attempt_facts_v1""}",2026-07-27 15:06:58,2026-07-27 17:12:07,false,false,
701,1175370,1175369,2025021232,1092,20252026,2026-04-06,shot_attempt_facts_v1,shot-on-goal,saved_shot,true,true,true,false,18,26,8476887,8476341,,3,REG,p3,3585,,final_5,1551,EV,ev,2,2,0,tied,39,33,59.91,-33.425,33.425,d_055_060,a_030_040,O,offensive,wrist,wrist,false,3,not_rebound,false,not_rush,false,goalie_in_net,shot-on-goal,26,26,"{""previous_team_shot_play_by_play_id"":1175367,""previous_team_shot_seconds_delta"":93,""rush_reason"":""not_rush"",""source"":""shot_attempt_facts_v1""}",2026-07-27 15:06:58,2026-07-27 17:12:07,false,false,
702,1175376,1175375,2025021232,1104,20252026,2026-04-06,shot_attempt_facts_v1,shot-on-goal,saved_shot,true,true,true,false,18,26,8475287,8476341,,4,OT,ot,3648,,final_5,1331,EV,ev,2,2,0,tied,-64,-11,27.31,156.251,156.251,d_025_030,a_090_plus,O,offensive,wrist,wrist,false,3,not_rebound,false,not_rush,false,goalie_in_net,giveaway,26,26,"{""previous_team_shot_play_by_play_id"":1175370,""previous_team_shot_seconds_delta"":63,""rush_reason"":""not_rush"",""source"":""shot_attempt_facts_v1""}",2026-07-27 15:06:58,2026-07-27 17:12:07,false,false,
703,1175377,1175376,2025021232,1113,20252026,2026-04-06,shot_attempt_facts_v1,shot-on-goal,saved_shot,true,true,true,false,26,18,8482124,8477424,,4,OT,ot,3716,,final_5,1331,EV,ev,2,2,0,tied,59,11,31.95,-20.136,20.136,d_030_035,a_020_030,O,offensive,wrist,wrist,false,3,not_rebound,false,not_rush,false,goalie_in_net,shot-on-goal,18,68,"{""previous_team_shot_play_by_play_id"":1175369,""previous_team_shot_seconds_delta"":157,""rush_reason"":""not_rush"",""source"":""shot_attempt_facts_v1""}",2026-07-27 15:06:58,2026-07-27 17:12:07,false,false,
704,1175378,1175377,2025021232,1118,20252026,2026-04-06,shot_attempt_facts_v1,shot-on-goal,saved_shot,true,true,true,false,26,18,8478550,8477424,,4,OT,ot,3754,,final_5,1331,EV,ev,2,2,0,tied,63,-19,32.20,36.158,36.158,d_030_035,a_030_040,O,offensive,wrist,wrist,false,3,not_rebound,false,not_rush,false,goalie_in_net,shot-on-goal,26,38,"{""previous_team_shot_play_by_play_id"":1175377,""previous_team_shot_seconds_delta"":38,""rush_reason"":""not_rush"",""source"":""shot_attempt_facts_v1""}",2026-07-27 15:06:58,2026-07-27 17:12:07,false,false,
705,1175379,1175378,2025021232,1124,20252026,2026-04-06,shot_attempt_facts_v1,missed-shot,missed_shot,true,true,false,false,18,26,8476539,8476341,,4,OT,ot,3772,,final_5,1331,EV,ev,2,2,0,tied,-77,-1,12.04,175.236,175.236,d_010_015,a_090_plus,O,offensive,backhand,backhand,false,3,not_rebound,false,not_rush,false,goalie_in_net,shot-on-goal,26,18,"{""previous_team_shot_play_by_play_id"":1175376,""previous_team_shot_seconds_delta"":124,""rush_reason"":""not_rush"",""source"":""shot_attempt_facts_v1""}",2026-07-27 15:06:58,2026-07-27 17:12:07,false,false,
706,1175380,1175379,2025021232,1129,20252026,2026-04-06,shot_attempt_facts_v1,blocked-shot,blocked_shot,true,false,false,false,18,26,8476869,,8474564,4,OT,ot,3819,,final_5,1331,EV,ev,2,2,0,tied,-78,4,11.70,-160.017,160.017,d_010_015,a_090_plus,O,offensive,,unknown,false,3,not_rebound,false,not_rush,false,goalie_in_net,missed-shot,18,47,"{""previous_team_shot_play_by_play_id"":1175379,""previous_team_shot_seconds_delta"":47,""rush_reason"":""not_rush"",""source"":""shot_attempt_facts_v1""}",2026-07-27 15:06:58,2026-07-27 17:12:07,false,false,
707,1175381,1175380,2025021232,1137,20252026,2026-04-06,shot_attempt_facts_v1,shot-on-goal,saved_shot,true,true,true,false,18,26,8484241,8476341,,4,OT,ot,3877,,final_5,1331,EV,ev,2,2,0,tied,-85,-10,10.77,111.801,111.801,d_010_015,a_090_plus,O,offensive,wrist,wrist,false,3,not_rebound,false,not_rush,false,goalie_in_net,blocked-shot,18,58,"{""previous_team_shot_play_by_play_id"":1175380,""previous_team_shot_seconds_delta"":58,""rush_reason"":""not_rush"",""source"":""shot_attempt_facts_v1""}",2026-07-27 15:06:58,2026-07-27 17:12:07,false,false,